/*
SQLyog Ultimate v12.5.0 (64 bit)
MySQL - 10.1.36-MariaDB : Database - artboard
*********************************************************************
*/

/*!40101 SET NAMES utf8 */;

/*!40101 SET SQL_MODE=''*/;

/*!40014 SET @OLD_UNIQUE_CHECKS=@@UNIQUE_CHECKS, UNIQUE_CHECKS=0 */;
/*!40014 SET @OLD_FOREIGN_KEY_CHECKS=@@FOREIGN_KEY_CHECKS, FOREIGN_KEY_CHECKS=0 */;
/*!40101 SET @OLD_SQL_MODE=@@SQL_MODE, SQL_MODE='NO_AUTO_VALUE_ON_ZERO' */;
/*!40111 SET @OLD_SQL_NOTES=@@SQL_NOTES, SQL_NOTES=0 */;
CREATE DATABASE /*!32312 IF NOT EXISTS*/`artboard` /*!40100 DEFAULT CHARACTER SET latin1 */;

USE `artboard`;

/*Table structure for table `blogs` */

DROP TABLE IF EXISTS `blogs`;

CREATE TABLE `blogs` (
  `id` int(10) unsigned NOT NULL AUTO_INCREMENT,
  `title` varchar(191) COLLATE utf8mb4_unicode_ci NOT NULL,
  `secretkey` text COLLATE utf8mb4_unicode_ci,
  `errorlog` text COLLATE utf8mb4_unicode_ci,
  `body` text COLLATE utf8mb4_unicode_ci NOT NULL,
  `user_id` int(10) unsigned NOT NULL,
  `category` varchar(191) COLLATE utf8mb4_unicode_ci NOT NULL,
  `classification` varchar(191) COLLATE utf8mb4_unicode_ci NOT NULL,
  `attached` varchar(191) COLLATE utf8mb4_unicode_ci DEFAULT NULL,
  `is_published` tinyint(1) NOT NULL DEFAULT '0',
  `created_at` timestamp NULL DEFAULT NULL,
  `updated_at` timestamp NULL DEFAULT NULL,
  PRIMARY KEY (`id`)
) ENGINE=InnoDB AUTO_INCREMENT=57 DEFAULT CHARSET=utf8mb4 COLLATE=utf8mb4_unicode_ci;

/*Data for the table `blogs` */

insert  into `blogs`(`id`,`title`,`secretkey`,`errorlog`,`body`,`user_id`,`category`,`classification`,`attached`,`is_published`,`created_at`,`updated_at`) values 
(1,'비정상적인 방법에 의한 서버부하 시 사용제한',NULL,'tesbbbbbb','예제 고객문의 입니다.',2,'query','general','',1,'2019-09-20 05:08:32','2019-10-03 19:30:56'),
(2,'API Square 서비스 오픈 안내',NULL,NULL,'예제 고객문의 입니다.',1,'query','notification','',1,'2019-09-20 05:08:32','2019-09-20 05:08:32'),
(3,'문의게시판 이용 안내',NULL,NULL,'예제 고객문의 입니다.',1,'query','notification','',1,'2019-09-20 05:08:32','2019-10-03 10:46:39'),
(4,'해외선물 거래소 이용기간 문의',NULL,NULL,'예제 고객문의 입니다.',2,'apisample','general','',1,'2019-09-20 05:08:32','2019-09-20 05:08:32'),
(5,'최신버전 업데이트는 자동적으로 되나요?',NULL,NULL,'예제 고객문의 입니다.',2,'program','general','',1,'2019-09-20 05:08:32','2019-09-20 05:08:32'),
(8,'예제고객문의 제목','예제 비밀글',NULL,'예제 고객문의 내용',1,'program','notification','',1,'2019-09-23 09:22:28','2019-09-23 14:07:21'),
(16,'해외선물 거래소 이용기간 문의',NULL,NULL,'해외선물 거래소 이용기간 문의',3,'query','general','',1,'2019-09-23 15:04:19','2019-10-03 10:58:57'),
(29,'rrr','rrr','rrr','rrr',17,'query','general',NULL,1,'2019-10-04 05:18:26','2019-10-04 05:18:26'),
(35,'ㅇㅇㅇㅇㅇㅇㅇㅇㅇ','테스트2',NULL,'테스트2',15,'apisample','general',NULL,1,'2019-10-07 05:28:47','2019-10-07 05:28:47'),
(37,'111',NULL,'123123','124124124',17,'query','general',NULL,1,'2019-10-07 05:31:07','2019-10-07 05:31:07'),
(38,'큰 파일 테스트',NULL,'테스트','ㅇㅇ',15,'query','general','_1570426317.ai',1,'2019-10-07 05:31:57','2019-10-07 05:31:57'),
(39,'그게 맞는듯',NULL,NULL,'맞음',17,'program','general',NULL,1,'2019-10-07 05:43:12','2019-10-07 05:43:12'),
(41,'관리자',NULL,'ㅇ','ㅇㅇㅇ',16,'query','general',NULL,1,'2019-10-07 06:24:29','2019-10-07 06:24:29'),
(43,'공지 1111',NULL,NULL,'ㅇㅇㄹ',1,'program','notification',NULL,1,'2019-10-07 06:25:52','2019-10-07 06:25:52'),
(46,'테스트입니다.',NULL,NULL,'ㅇㅇ',23,'query','general',NULL,1,'2019-10-08 05:01:44','2019-10-08 05:01:44'),
(48,'테스트입니다.','1234',NULL,'aa',15,'query','general',NULL,1,'2019-10-08 05:07:21','2019-10-08 05:07:21'),
(49,'테스트 1',NULL,NULL,'안녕하세요\r\n보난자팩토리님 \r\nAPI 샘플 요청드립니다.\r\n안녕하세요\r\n보난자팩토리님 \r\nAPI 샘플 요청드립니다.\r\n안녕하세요\r\n보난자팩토리님 \r\nAPI 샘플 요청드립니다.\r\n안녕하세요\r\n보난자팩토리님 \r\nAPI 샘플 요청드립니다.\r\n안녕하세요\r\n보난자팩토리님 \r\nAPI 샘플 요청드립니다.',17,'apisample','general',NULL,1,'2019-10-08 05:14:36','2019-10-08 05:28:53'),
(50,'시간','아아','오류메시지입니다.','내용문의드립니다.\r\n감사합니다',8,'query','general',NULL,1,'2019-10-08 05:16:30','2019-10-08 05:16:30'),
(51,'API 샘플요청',NULL,NULL,'ㅇㅇㅇㅇ',16,'apisample','general',NULL,1,'2019-10-08 05:18:08','2019-10-08 05:18:08'),
(52,'이용문의',NULL,'오류','내용',8,'query','general',NULL,1,'2019-10-08 05:18:40','2019-10-08 05:18:40'),
(53,'아이스팩요청드려용','1234','12345','5555',8,'query','general','_1570512033.PNG',1,'2019-10-08 05:19:08','2019-10-08 05:20:33'),
(54,'테스트2',NULL,'ㅇㅇㅇwkejflkjswkfjlkwjlkfjkwsjfwㅇㅇㅇwkejflkjswkfjlkwjlkfjkwsjfwㅇㅇㅇwkejflkjswkfjlkwjlkfjkwsjfwㅇㅇㅇwkejflkjswkfjlkwjlkfjkwsjfwㅇㅇㅇwkejflkjswkfjlkwjlkfjkwsjfwㅇㅇㅇwkejflkjswkfjlkwjlkfjkwsjfwㅇㅇㅇwkejflkjswkfjlkwjlkfjkwsjfwㅇㅇㅇwkejflkjswkfjlkwjlkfjkwsjfwㅇㅇㅇwkejflkjswkfjlkwjlkfjkwsjfwㅇㅇㅇwkejflkjswkfjlkwjlkfjkwsjfwㅇㅇㅇwkejflkjswkfjlkwjlkfjkwsjfw','안녕하세요\r\n위 오류 확인해주세요',24,'query','general','20191008_142048_1570512585.png',1,'2019-10-08 05:29:45','2019-10-08 05:29:45'),
(55,'2345','123124','1231245','123123123123',15,'query','general','1111_1570515496.pptx',1,'2019-10-08 06:18:16','2019-10-08 06:18:16'),
(56,'tes',NULL,'tes','tes',1,'query','notification',NULL,1,'2019-10-10 13:05:55','2019-10-10 13:05:55');

/*Table structure for table `categories` */

DROP TABLE IF EXISTS `categories`;

CREATE TABLE `categories` (
  `id` int(10) unsigned NOT NULL AUTO_INCREMENT,
  `name` varchar(191) COLLATE utf8mb4_unicode_ci NOT NULL,
  `created_at` timestamp NULL DEFAULT NULL,
  `updated_at` timestamp NULL DEFAULT NULL,
  PRIMARY KEY (`id`)
) ENGINE=InnoDB AUTO_INCREMENT=8 DEFAULT CHARSET=utf8mb4 COLLATE=utf8mb4_unicode_ci;

/*Data for the table `categories` */

insert  into `categories`(`id`,`name`,`created_at`,`updated_at`) values 
(1,'주문','2019-09-20 05:03:39','2019-09-20 05:03:39'),
(2,'시세주문','2019-09-20 05:03:39','2019-09-20 05:03:39'),
(3,'조건식','2019-09-20 05:03:39','2019-09-20 05:03:39'),
(4,'조회','2019-09-20 05:03:39','2019-09-20 05:03:39'),
(5,'잔고','2019-09-20 05:03:39','2019-09-20 05:03:39'),
(6,'기타','2019-09-20 05:03:39','2019-09-20 05:03:39'),
(7,'업데이트','2019-09-20 05:03:39','2019-09-20 05:03:39');

/*Table structure for table `comments` */

DROP TABLE IF EXISTS `comments`;

CREATE TABLE `comments` (
  `id` int(10) unsigned NOT NULL AUTO_INCREMENT,
  `user_id` int(10) unsigned NOT NULL,
  `blog_id` int(10) unsigned NOT NULL,
  `body` text COLLATE utf8mb4_unicode_ci NOT NULL,
  `created_at` timestamp NULL DEFAULT NULL,
  `updated_at` timestamp NULL DEFAULT NULL,
  PRIMARY KEY (`id`)
) ENGINE=InnoDB AUTO_INCREMENT=107 DEFAULT CHARSET=utf8mb4 COLLATE=utf8mb4_unicode_ci;

/*Data for the table `comments` */

insert  into `comments`(`id`,`user_id`,`blog_id`,`body`,`created_at`,`updated_at`) values 
(85,1,5,'네, 자동적으로 업데이트 됩니다.','2019-09-23 17:46:28','2019-09-23 17:46:28'),
(92,1,1,'dddddd','2019-10-03 19:30:10','2019-10-03 19:30:10'),
(93,1,16,'고객님 안녕하세요 답글입니다.','2019-10-04 05:29:53','2019-10-04 05:29:53'),
(104,1,41,'test','2019-10-07 16:53:18','2019-10-07 16:53:18'),
(105,1,41,'test','2019-10-07 16:53:32','2019-10-07 16:53:32'),
(106,1,35,'test','2019-10-07 16:53:40','2019-10-07 16:53:40');

/*Table structure for table `langs` */

DROP TABLE IF EXISTS `langs`;

CREATE TABLE `langs` (
  `id` int(10) unsigned NOT NULL AUTO_INCREMENT,
  `name` varchar(191) COLLATE utf8mb4_unicode_ci NOT NULL,
  `created_at` timestamp NULL DEFAULT NULL,
  `updated_at` timestamp NULL DEFAULT NULL,
  PRIMARY KEY (`id`)
) ENGINE=InnoDB AUTO_INCREMENT=6 DEFAULT CHARSET=utf8mb4 COLLATE=utf8mb4_unicode_ci;

/*Data for the table `langs` */

insert  into `langs`(`id`,`name`,`created_at`,`updated_at`) values 
(1,'C/C++','2019-09-20 05:03:39','2019-09-20 05:03:39'),
(2,'C#','2019-09-20 05:03:39','2019-09-20 05:03:39'),
(3,'ExcelVBA','2019-09-20 05:03:39','2019-09-20 05:03:39'),
(4,'파이썬','2019-09-20 05:03:39','2019-09-20 05:03:39'),
(5,'기타','2019-09-20 05:03:39','2019-09-20 05:03:39');

/*Table structure for table `migrations` */

DROP TABLE IF EXISTS `migrations`;

CREATE TABLE `migrations` (
  `id` int(10) unsigned NOT NULL AUTO_INCREMENT,
  `migration` varchar(191) COLLATE utf8mb4_unicode_ci NOT NULL,
  `batch` int(11) NOT NULL,
  PRIMARY KEY (`id`)
) ENGINE=InnoDB AUTO_INCREMENT=52 DEFAULT CHARSET=utf8mb4 COLLATE=utf8mb4_unicode_ci;

/*Data for the table `migrations` */

insert  into `migrations`(`id`,`migration`,`batch`) values 
(9,'2019_09_20_025145_create_programlangs_table',2),
(10,'2019_09_20_031921_create_langs_table',3),
(41,'2014_10_12_000000_create_users_table',4),
(42,'2014_10_12_100000_create_password_resets_table',4),
(43,'2017_03_04_131126_create_posts_table',5),
(44,'2017_03_04_131334_create_categories_table',5),
(45,'2017_03_04_131558_create_tags_table',5),
(46,'2017_03_04_131702_create_post_tag_table',5),
(47,'2017_03_04_131909_create_comments_table',5),
(48,'2017_03_04_133429_add_columns_to_user',5),
(49,'2019_09_20_033443_create_langs_table',5),
(50,'2019_09_22_202619_create_blogs_table',6),
(51,'2019_09_23_183108_create_views_table',7);

/*Table structure for table `password_resets` */

DROP TABLE IF EXISTS `password_resets`;

CREATE TABLE `password_resets` (
  `email` varchar(191) COLLATE utf8mb4_unicode_ci NOT NULL,
  `token` varchar(191) COLLATE utf8mb4_unicode_ci NOT NULL,
  `created_at` timestamp NULL DEFAULT NULL,
  KEY `password_resets_email_index` (`email`),
  KEY `password_resets_token_index` (`token`)
) ENGINE=InnoDB DEFAULT CHARSET=utf8mb4 COLLATE=utf8mb4_unicode_ci;

/*Data for the table `password_resets` */

/*Table structure for table `post_tag` */

DROP TABLE IF EXISTS `post_tag`;

CREATE TABLE `post_tag` (
  `id` int(10) unsigned NOT NULL AUTO_INCREMENT,
  `post_id` int(10) unsigned NOT NULL,
  `tag_id` int(10) unsigned NOT NULL,
  `created_at` timestamp NULL DEFAULT NULL,
  `updated_at` timestamp NULL DEFAULT NULL,
  PRIMARY KEY (`id`)
) ENGINE=InnoDB AUTO_INCREMENT=122 DEFAULT CHARSET=utf8mb4 COLLATE=utf8mb4_unicode_ci;

/*Data for the table `post_tag` */

insert  into `post_tag`(`id`,`post_id`,`tag_id`,`created_at`,`updated_at`) values 
(1,17,9,'2019-09-20 05:06:09','2019-09-20 05:06:09'),
(2,16,6,'2019-09-20 05:06:09','2019-09-20 05:06:09'),
(3,23,3,'2019-09-20 05:06:09','2019-09-20 05:06:09'),
(4,8,5,'2019-09-20 05:06:09','2019-09-20 05:06:09'),
(5,11,8,'2019-09-20 05:06:09','2019-09-20 05:06:09'),
(6,20,5,'2019-09-20 05:06:09','2019-09-20 05:06:09'),
(7,6,9,'2019-09-20 05:06:09','2019-09-20 05:06:09'),
(8,8,1,'2019-09-20 05:06:09','2019-09-20 05:06:09'),
(9,3,8,'2019-09-20 05:06:09','2019-09-20 05:06:09'),
(10,6,6,'2019-09-20 05:06:09','2019-09-20 05:06:09'),
(11,24,3,'2019-09-20 05:06:09','2019-09-20 05:06:09'),
(12,15,7,'2019-09-20 05:06:09','2019-09-20 05:06:09'),
(13,6,8,'2019-09-20 05:06:09','2019-09-20 05:06:09'),
(14,11,5,'2019-09-20 05:06:09','2019-09-20 05:06:09'),
(15,15,4,'2019-09-20 05:06:09','2019-09-20 05:06:09'),
(16,22,5,'2019-09-20 05:06:09','2019-09-20 05:06:09'),
(17,8,3,'2019-09-20 05:06:09','2019-09-20 05:06:09'),
(18,20,9,'2019-09-20 05:06:09','2019-09-20 05:06:09'),
(19,15,10,'2019-09-20 05:06:09','2019-09-20 05:06:09'),
(20,2,2,'2019-09-20 05:06:09','2019-09-20 05:06:09'),
(21,23,6,'2019-09-20 05:06:09','2019-09-20 05:06:09'),
(22,9,9,'2019-09-20 05:06:09','2019-09-20 05:06:09'),
(23,25,2,'2019-09-20 05:06:09','2019-09-20 05:06:09'),
(24,13,1,'2019-09-20 05:06:09','2019-09-20 05:06:09'),
(25,19,4,'2019-09-20 05:06:09','2019-09-20 05:06:09'),
(26,8,6,'2019-09-20 05:06:09','2019-09-20 05:06:09'),
(27,11,3,'2019-09-20 05:06:09','2019-09-20 05:06:09'),
(28,16,7,'2019-09-20 05:06:09','2019-09-20 05:06:09'),
(29,4,6,'2019-09-20 05:06:09','2019-09-20 05:06:09'),
(30,20,10,'2019-09-20 05:06:09','2019-09-20 05:06:09'),
(31,5,1,'2019-09-20 05:06:09','2019-09-20 05:06:09'),
(32,20,8,'2019-09-20 05:06:09','2019-09-20 05:06:09'),
(33,2,8,'2019-09-20 05:06:09','2019-09-20 05:06:09'),
(34,3,9,'2019-09-20 05:06:09','2019-09-20 05:06:09'),
(35,18,2,'2019-09-20 05:06:09','2019-09-20 05:06:09'),
(36,18,6,'2019-09-20 05:06:09','2019-09-20 05:06:09'),
(37,22,6,'2019-09-20 05:06:09','2019-09-20 05:06:09'),
(38,15,2,'2019-09-20 05:06:09','2019-09-20 05:06:09'),
(39,22,2,'2019-09-20 05:06:09','2019-09-20 05:06:09'),
(40,6,1,'2019-09-20 05:06:09','2019-09-20 05:06:09'),
(41,16,1,'2019-09-20 05:06:09','2019-09-20 05:06:09'),
(42,1,10,'2019-09-20 05:06:09','2019-09-20 05:06:09'),
(43,24,7,'2019-09-20 05:06:09','2019-09-20 05:06:09'),
(44,4,9,'2019-09-20 05:06:09','2019-09-20 05:06:09'),
(45,11,8,'2019-09-20 05:06:09','2019-09-20 05:06:09'),
(46,10,2,'2019-09-20 05:06:09','2019-09-20 05:06:09'),
(47,16,10,'2019-09-20 05:06:09','2019-09-20 05:06:09'),
(48,9,1,'2019-09-20 05:06:09','2019-09-20 05:06:09'),
(49,25,8,'2019-09-20 05:06:09','2019-09-20 05:06:09'),
(50,20,1,'2019-09-20 05:06:09','2019-09-20 05:06:09'),
(51,9,9,'2019-09-20 05:06:09','2019-09-20 05:06:09'),
(52,3,4,'2019-09-20 05:06:09','2019-09-20 05:06:09'),
(53,4,4,'2019-09-20 05:06:09','2019-09-20 05:06:09'),
(54,22,2,'2019-09-20 05:06:09','2019-09-20 05:06:09'),
(55,23,5,'2019-09-20 05:06:09','2019-09-20 05:06:09'),
(56,22,8,'2019-09-20 05:06:09','2019-09-20 05:06:09'),
(57,20,5,'2019-09-20 05:06:09','2019-09-20 05:06:09'),
(58,22,6,'2019-09-20 05:06:09','2019-09-20 05:06:09'),
(59,3,4,'2019-09-20 05:06:09','2019-09-20 05:06:09'),
(60,6,1,'2019-09-20 05:06:09','2019-09-20 05:06:09'),
(61,10,9,'2019-09-20 05:08:32','2019-09-20 05:08:32'),
(62,8,4,'2019-09-20 05:08:32','2019-09-20 05:08:32'),
(63,3,10,'2019-09-20 05:08:32','2019-09-20 05:08:32'),
(64,3,4,'2019-09-20 05:08:32','2019-09-20 05:08:32'),
(65,7,9,'2019-09-20 05:08:32','2019-09-20 05:08:32'),
(66,4,8,'2019-09-20 05:08:32','2019-09-20 05:08:32'),
(67,9,7,'2019-09-20 05:08:32','2019-09-20 05:08:32'),
(68,7,1,'2019-09-20 05:08:32','2019-09-20 05:08:32'),
(69,13,8,'2019-09-20 05:08:32','2019-09-20 05:08:32'),
(70,8,3,'2019-09-20 05:08:32','2019-09-20 05:08:32'),
(71,20,10,'2019-09-20 05:08:32','2019-09-20 05:08:32'),
(72,18,1,'2019-09-20 05:08:32','2019-09-20 05:08:32'),
(73,15,2,'2019-09-20 05:08:32','2019-09-20 05:08:32'),
(74,18,9,'2019-09-20 05:08:32','2019-09-20 05:08:32'),
(75,6,7,'2019-09-20 05:08:32','2019-09-20 05:08:32'),
(76,25,3,'2019-09-20 05:08:32','2019-09-20 05:08:32'),
(77,15,6,'2019-09-20 05:08:32','2019-09-20 05:08:32'),
(78,25,9,'2019-09-20 05:08:32','2019-09-20 05:08:32'),
(79,3,9,'2019-09-20 05:08:32','2019-09-20 05:08:32'),
(80,12,2,'2019-09-20 05:08:32','2019-09-20 05:08:32'),
(81,8,4,'2019-09-20 05:08:32','2019-09-20 05:08:32'),
(82,10,8,'2019-09-20 05:08:32','2019-09-20 05:08:32'),
(83,12,1,'2019-09-20 05:08:32','2019-09-20 05:08:32'),
(84,18,2,'2019-09-20 05:08:32','2019-09-20 05:08:32'),
(85,16,4,'2019-09-20 05:08:32','2019-09-20 05:08:32'),
(86,8,3,'2019-09-20 05:08:32','2019-09-20 05:08:32'),
(87,21,7,'2019-09-20 05:08:32','2019-09-20 05:08:32'),
(88,8,2,'2019-09-20 05:08:32','2019-09-20 05:08:32'),
(89,7,7,'2019-09-20 05:08:32','2019-09-20 05:08:32'),
(90,14,4,'2019-09-20 05:08:32','2019-09-20 05:08:32'),
(91,4,9,'2019-09-20 05:08:32','2019-09-20 05:08:32'),
(92,11,4,'2019-09-20 05:08:32','2019-09-20 05:08:32'),
(93,10,4,'2019-09-20 05:08:32','2019-09-20 05:08:32'),
(94,19,4,'2019-09-20 05:08:32','2019-09-20 05:08:32'),
(95,7,9,'2019-09-20 05:08:32','2019-09-20 05:08:32'),
(96,16,7,'2019-09-20 05:08:32','2019-09-20 05:08:32'),
(97,14,3,'2019-09-20 05:08:32','2019-09-20 05:08:32'),
(98,21,8,'2019-09-20 05:08:32','2019-09-20 05:08:32'),
(99,23,6,'2019-09-20 05:08:32','2019-09-20 05:08:32'),
(100,6,9,'2019-09-20 05:08:32','2019-09-20 05:08:32'),
(101,12,1,'2019-09-20 05:08:32','2019-09-20 05:08:32'),
(102,15,1,'2019-09-20 05:08:32','2019-09-20 05:08:32'),
(103,21,10,'2019-09-20 05:08:32','2019-09-20 05:08:32'),
(104,11,3,'2019-09-20 05:08:32','2019-09-20 05:08:32'),
(105,1,9,'2019-09-20 05:08:32','2019-09-20 05:08:32'),
(106,18,4,'2019-09-20 05:08:32','2019-09-20 05:08:32'),
(107,12,5,'2019-09-20 05:08:32','2019-09-20 05:08:32'),
(108,20,4,'2019-09-20 05:08:32','2019-09-20 05:08:32'),
(109,19,9,'2019-09-20 05:08:32','2019-09-20 05:08:32'),
(110,16,2,'2019-09-20 05:08:32','2019-09-20 05:08:32'),
(111,3,6,'2019-09-20 05:08:32','2019-09-20 05:08:32'),
(112,24,2,'2019-09-20 05:08:32','2019-09-20 05:08:32'),
(113,1,10,'2019-09-20 05:08:32','2019-09-20 05:08:32'),
(114,6,9,'2019-09-20 05:08:32','2019-09-20 05:08:32'),
(115,15,7,'2019-09-20 05:08:32','2019-09-20 05:08:32'),
(116,6,8,'2019-09-20 05:08:32','2019-09-20 05:08:32'),
(117,9,5,'2019-09-20 05:08:32','2019-09-20 05:08:32'),
(118,13,3,'2019-09-20 05:08:32','2019-09-20 05:08:32'),
(119,15,5,'2019-09-20 05:08:32','2019-09-20 05:08:32'),
(120,10,4,'2019-09-20 05:08:32','2019-09-20 05:08:32'),
(121,51,4,'2019-09-21 07:19:19','2019-09-21 07:19:19');

/*Table structure for table `posts` */

DROP TABLE IF EXISTS `posts`;

CREATE TABLE `posts` (
  `id` int(10) unsigned NOT NULL AUTO_INCREMENT,
  `title` varchar(191) COLLATE utf8mb4_unicode_ci NOT NULL,
  `body` text COLLATE utf8mb4_unicode_ci NOT NULL,
  `user_id` int(10) unsigned NOT NULL,
  `category_id` int(10) unsigned NOT NULL,
  `lang_id` int(10) unsigned NOT NULL,
  `classification` varchar(191) COLLATE utf8mb4_unicode_ci NOT NULL,
  `attached` varchar(191) COLLATE utf8mb4_unicode_ci DEFAULT NULL,
  `views` int(10) DEFAULT NULL,
  `is_published` tinyint(1) NOT NULL DEFAULT '0',
  `created_at` timestamp NULL DEFAULT NULL,
  `updated_at` timestamp NULL DEFAULT NULL,
  PRIMARY KEY (`id`)
) ENGINE=InnoDB AUTO_INCREMENT=105 DEFAULT CHARSET=utf8mb4 COLLATE=utf8mb4_unicode_ci;

/*Data for the table `posts` */

insert  into `posts`(`id`,`title`,`body`,`user_id`,`category_id`,`lang_id`,`classification`,`attached`,`views`,`is_published`,`created_at`,`updated_at`) values 
(39,'해외선물 주문 예제','예제 게시글입니다.',2,3,2,'notification','',NULL,1,'2019-09-20 05:08:32','2019-09-22 18:42:24'),
(41,'해외선물 미결제잔고 조회 예제','예제 게시글입니다.',2,2,3,'notification','',NULL,1,'2019-09-20 05:08:32','2019-09-20 05:08:32'),
(42,'Updated Monitoring China','예제 게시글입니다.',2,2,2,'notification','',NULL,1,'2019-09-20 05:08:32','2019-09-22 17:45:05'),
(43,'해외선물 미결제잔고 조회 예제','예제 게시글입니다.',2,4,1,'general','',NULL,1,'2019-09-20 05:08:32','2019-09-22 17:51:11'),
(44,'API Sqaure(19.07.12) 릴리즈 버전','예제 게시글입니다.',1,6,5,'notification','',NULL,1,'2019-09-20 05:08:32','2019-09-20 05:08:32'),
(45,'해외선물 미결제잔고 조회 예제 4','예제 게시글입니다. \r\n수정합니다.',1,2,4,'general','',NULL,1,'2019-09-20 05:08:32','2019-10-04 04:55:16'),
(46,'해외선물 미결제잔고 조회 예제','예제 게시글입니다.',1,1,4,'general','',NULL,1,'2019-09-20 05:08:32','2019-09-20 05:08:32'),
(48,'샘플 소스 및 사용방법','예제 게시글입니다.\r\n오케이',1,4,2,'notification','',NULL,1,'2019-09-20 05:08:32','2019-10-05 19:30:20'),
(49,'샘플 소스 및 사용방법','예제 게시글입니다.',1,2,3,'general','',NULL,1,'2019-09-20 05:08:32','2019-09-20 05:08:32'),
(89,'해외선물 미결제잔고 조회 예제','예제 게시글 입니다.',2,2,1,'general',NULL,NULL,1,'2019-09-22 17:11:23','2019-09-22 17:11:23'),
(90,'일이삼사오륙칠팔구십일이삼사오륙칠팔구십일이삼','ㅇㄴ',1,1,1,'notification','2019-10-03_23h23_26_1570121120.png',NULL,1,'2019-10-03 13:13:14','2019-10-03 16:45:20'),
(97,'에오에오','테스테스테스\r\n입니다',1,2,2,'general','_1570165856.xlsx',NULL,1,'2019-10-04 05:08:33','2019-10-04 05:10:56'),
(98,'업데이트??','dd',1,7,1,'notification',NULL,NULL,1,'2019-10-07 05:26:28','2019-10-07 05:26:28'),
(101,'김영석','천재',1,3,4,'general',NULL,NULL,1,'2019-10-07 05:27:11','2019-10-07 05:27:11'),
(102,'공지 테스트 - 조회 기타','테스트\r\n이지연\r\n테스트',1,4,5,'notification',NULL,NULL,1,'2019-10-07 05:27:51','2019-10-07 05:27:51'),
(103,'관리자 - 일반 - 잔고 - 파이썬','ㄴㅇ \r\nㅇ\r\nㄴfgh',1,5,4,'general',NULL,NULL,1,'2019-10-07 05:29:29','2019-10-09 17:32:52'),
(104,'ㅅㄷㄴ','ㅅㄷㄴ',1,1,1,'notification',NULL,NULL,1,'2019-10-10 13:05:29','2019-10-10 13:05:29');

/*Table structure for table `tags` */

DROP TABLE IF EXISTS `tags`;

CREATE TABLE `tags` (
  `id` int(10) unsigned NOT NULL AUTO_INCREMENT,
  `name` varchar(191) COLLATE utf8mb4_unicode_ci NOT NULL,
  `created_at` timestamp NULL DEFAULT NULL,
  `updated_at` timestamp NULL DEFAULT NULL,
  PRIMARY KEY (`id`)
) ENGINE=InnoDB AUTO_INCREMENT=51 DEFAULT CHARSET=utf8mb4 COLLATE=utf8mb4_unicode_ci;

/*Data for the table `tags` */

insert  into `tags`(`id`,`name`,`created_at`,`updated_at`) values 
(1,'velit','2019-09-20 05:03:39','2019-09-20 05:03:39'),
(2,'vitae','2019-09-20 05:03:39','2019-09-20 05:03:39'),
(3,'non','2019-09-20 05:03:39','2019-09-20 05:03:39'),
(4,'sit','2019-09-20 05:03:39','2019-09-20 05:03:39'),
(5,'sunt','2019-09-20 05:03:39','2019-09-20 05:03:39'),
(6,'veniam','2019-09-20 05:03:39','2019-09-20 05:03:39'),
(7,'nulla','2019-09-20 05:03:39','2019-09-20 05:03:39'),
(8,'enim','2019-09-20 05:03:39','2019-09-20 05:03:39'),
(9,'magni','2019-09-20 05:03:39','2019-09-20 05:03:39'),
(10,'dicta','2019-09-20 05:03:39','2019-09-20 05:03:39'),
(11,'eos','2019-09-20 05:04:05','2019-09-20 05:04:05'),
(12,'quia','2019-09-20 05:04:05','2019-09-20 05:04:05'),
(13,'quis','2019-09-20 05:04:05','2019-09-20 05:04:05'),
(14,'praesentium','2019-09-20 05:04:05','2019-09-20 05:04:05'),
(15,'in','2019-09-20 05:04:05','2019-09-20 05:04:05'),
(16,'molestiae','2019-09-20 05:04:05','2019-09-20 05:04:05'),
(17,'optio','2019-09-20 05:04:05','2019-09-20 05:04:05'),
(18,'eligendi','2019-09-20 05:04:05','2019-09-20 05:04:05'),
(19,'molestiae','2019-09-20 05:04:05','2019-09-20 05:04:05'),
(20,'itaque','2019-09-20 05:04:05','2019-09-20 05:04:05'),
(21,'est','2019-09-20 05:06:09','2019-09-20 05:06:09'),
(22,'distinctio','2019-09-20 05:06:09','2019-09-20 05:06:09'),
(23,'reprehenderit','2019-09-20 05:06:09','2019-09-20 05:06:09'),
(24,'incidunt','2019-09-20 05:06:09','2019-09-20 05:06:09'),
(25,'id','2019-09-20 05:06:09','2019-09-20 05:06:09'),
(26,'laborum','2019-09-20 05:06:09','2019-09-20 05:06:09'),
(27,'rerum','2019-09-20 05:06:09','2019-09-20 05:06:09'),
(28,'quia','2019-09-20 05:06:09','2019-09-20 05:06:09'),
(29,'dolor','2019-09-20 05:06:09','2019-09-20 05:06:09'),
(30,'qui','2019-09-20 05:06:09','2019-09-20 05:06:09'),
(31,'labore','2019-09-20 05:08:08','2019-09-20 05:08:08'),
(32,'sit','2019-09-20 05:08:08','2019-09-20 05:08:08'),
(33,'facere','2019-09-20 05:08:08','2019-09-20 05:08:08'),
(34,'veniam','2019-09-20 05:08:08','2019-09-20 05:08:08'),
(35,'ipsum','2019-09-20 05:08:08','2019-09-20 05:08:08'),
(36,'cum','2019-09-20 05:08:08','2019-09-20 05:08:08'),
(37,'ad','2019-09-20 05:08:08','2019-09-20 05:08:08'),
(38,'eos','2019-09-20 05:08:08','2019-09-20 05:08:08'),
(39,'consequatur','2019-09-20 05:08:08','2019-09-20 05:08:08'),
(40,'ut','2019-09-20 05:08:08','2019-09-20 05:08:08'),
(41,'excepturi','2019-09-20 05:08:32','2019-09-20 05:08:32'),
(42,'eos','2019-09-20 05:08:32','2019-09-20 05:08:32'),
(43,'rerum','2019-09-20 05:08:32','2019-09-20 05:08:32'),
(44,'aspernatur','2019-09-20 05:08:32','2019-09-20 05:08:32'),
(45,'qui','2019-09-20 05:08:32','2019-09-20 05:08:32'),
(46,'aliquam','2019-09-20 05:08:32','2019-09-20 05:08:32'),
(47,'magnam','2019-09-20 05:08:32','2019-09-20 05:08:32'),
(48,'quisquam','2019-09-20 05:08:32','2019-09-20 05:08:32'),
(49,'aut','2019-09-20 05:08:32','2019-09-20 05:08:32'),
(50,'illum','2019-09-20 05:08:32','2019-09-20 05:08:32');

/*Table structure for table `users` */

DROP TABLE IF EXISTS `users`;

CREATE TABLE `users` (
  `id` int(10) unsigned NOT NULL AUTO_INCREMENT,
  `name` varchar(191) COLLATE utf8mb4_unicode_ci NOT NULL,
  `email` varchar(191) COLLATE utf8mb4_unicode_ci NOT NULL,
  `username` varchar(191) COLLATE utf8mb4_unicode_ci NOT NULL,
  `password` varchar(191) COLLATE utf8mb4_unicode_ci NOT NULL,
  `remember_token` varchar(100) COLLATE utf8mb4_unicode_ci DEFAULT NULL,
  `created_at` timestamp NULL DEFAULT NULL,
  `updated_at` timestamp NULL DEFAULT NULL,
  `api_token` varchar(50) COLLATE utf8mb4_unicode_ci DEFAULT NULL,
  `is_admin` tinyint(1) NOT NULL DEFAULT '0',
  `reset_key` varchar(10) COLLATE utf8mb4_unicode_ci DEFAULT NULL,
  PRIMARY KEY (`id`),
  UNIQUE KEY `users_email_unique` (`email`)
) ENGINE=InnoDB AUTO_INCREMENT=33 DEFAULT CHARSET=utf8mb4 COLLATE=utf8mb4_unicode_ci;

/*Data for the table `users` */

insert  into `users`(`id`,`name`,`email`,`username`,`password`,`remember_token`,`created_at`,`updated_at`,`api_token`,`is_admin`,`reset_key`) values 
(1,'관리자','admin@email.com','admin','$2y$10$kdaqpthcU16inRo0CB6bje9dDU0a2TaTAFbbGxeMT3XvGu2Px4Kh6','A5XCirMr14aMpbfIwRDyRbJSd5jSkGU97Zzu558kJaQJpKA7J66Rj6XhGzOQ','2019-09-20 05:08:32','2019-09-20 05:08:32','olji8aT4YwfOXKq5TGzIdMN1ypgLOGWTHoMhGOA4FtfjVtqkJL',1,NULL),
(2,'김현수','usere1@email.com','meuser1','$2y$10$kdaqpthcU16inRo0CB6bje9dDU0a2TaTAFbbGxeMT3XvGu2Px4Kh6',NULL,'2019-09-20 08:54:31','2019-09-20 08:54:31','iAl6YIASp7W4TRoCnGgTLXooweI4OQynmtrtxw6tvMBbBMjM3H',0,NULL),
(3,'김달수','usere2@email.com','meuser2','$2y$10$kdaqpthcU16inRo0CB6bje9dDU0a2TaTAFbbGxeMT3XvGu2Px4Kh6',NULL,'2019-09-20 08:54:31','2019-09-20 08:54:31','iAl6YIASp7W4TRoCnGgTLXooweI4OQynmtrtxw6tvMBbBMjM3H',0,NULL),
(8,'us***r4','user4@email.com','user4','$2y$10$GlF9ACeDWHoWQT98jQCUHOv7YsU4cs1NJjZ2.1jmXmY.vvw2dJ6HK',NULL,'2019-09-30 15:58:34','2019-09-30 15:58:34','MTS0i2mdzrq4fub0HGSTpLhOXGFNTCbbcLaSBFQWt1djtwDnCI',0,NULL),
(15,'us***r5','user5@email.com','user5','$2y$10$8yEssiChS8pcGxd5Z9MXI.tn5wjf9Zg/AzNtkCE5kHMz4J0tcIrTu',NULL,'2019-09-30 16:45:46','2019-09-30 16:45:46','dkEaQTdlFnCQFjD5Kv1cIL761oD1005oJeX67eaneOBZK5pmVV',0,NULL),
(16,'us***r6','user6@email.com','user6','$2y$10$.GRsu7BrUT7wKcr6Eoi/3umWF32UtRjAGWJf2W902mF1c.5bDc776',NULL,'2019-09-30 18:25:09','2019-09-30 18:25:09','Yqard3HctFkSXlpykGXvQeOVEmFBvwsNoxBy3023ajyD1DlDYj',0,NULL),
(17,'us***r7','user7@email.com','user7','$2y$10$o1Tm8PmRwDQLIPQ/4eljAu0G/aMGQWd.bfNrktv23.pE/LDR25jh6',NULL,'2019-09-30 18:26:52','2019-09-30 18:26:52','A9glwCGSYTg56zQgHMEi8rwqL7JGWLKxxfr1X87ZBmmqqgwSNt',0,NULL),
(23,'us***r2','user2@email.com','user2','$2y$10$bBgWn.p/vZiK8q8jV2Xi4.7TTskJvhjdB7rD3gnUMtmdZuP2xAqBa',NULL,'2019-09-30 18:35:03','2019-09-30 18:35:03','wrKyPHT9Wg3iZSEbwyK2xSN3BVNb6mbwelKusGpWdsiQV2eoOH',0,NULL),
(24,'he***lo','hello@email.com','hello','$2y$10$hYm97puV7O7YoNt8TCm10ezRI3Zw4.5LsuEoExDqb8PWlrKzvl1ES',NULL,'2019-10-03 18:32:11','2019-10-03 18:32:11','N2SSpmwhaZOBWm8EPO5iscyXnLWXxtrW7mbl6eXW542GQprQ2X',0,NULL),
(32,'te***ts','testts@email.com','testts','$2y$10$rhh3JcylRZuQRDTZnVoXkuyu0joo2K/8QXwcoHzRq77uGxnpTGmY.',NULL,'2019-10-09 19:51:30','2019-10-09 19:51:30','1KIBFBaqEtEXcK8kea8SBxBgchFTziBkgH8zyfvth2DyPNSLwv',0,NULL);

/*Table structure for table `views` */

DROP TABLE IF EXISTS `views`;

CREATE TABLE `views` (
  `id` int(10) unsigned NOT NULL AUTO_INCREMENT,
  `viewable_type` varchar(191) COLLATE utf8mb4_unicode_ci NOT NULL,
  `viewable_id` bigint(20) unsigned NOT NULL,
  `visitor` text COLLATE utf8mb4_unicode_ci,
  `collection` varchar(191) COLLATE utf8mb4_unicode_ci DEFAULT NULL,
  `viewed_at` timestamp NOT NULL DEFAULT CURRENT_TIMESTAMP,
  PRIMARY KEY (`id`),
  KEY `views_viewable_type_viewable_id_index` (`viewable_type`,`viewable_id`)
) ENGINE=InnoDB AUTO_INCREMENT=937 DEFAULT CHARSET=utf8mb4 COLLATE=utf8mb4_unicode_ci;

/*Data for the table `views` */

insert  into `views`(`id`,`viewable_type`,`viewable_id`,`visitor`,`collection`,`viewed_at`) values 
(2,'App\\Models\\Post',41,'5GegsxxxTJuW4hVfv9hBCDu4FhANNI2H9kJBT9qghzAF8eKt4EvB1AXl3seJGF5yCen9QE4UozvGrmFB',NULL,'2019-09-23 18:36:40'),
(4,'App\\Models\\Post',39,'5GegsxxxTJuW4hVfv9hBCDu4FhANNI2H9kJBT9qghzAF8eKt4EvB1AXl3seJGF5yCen9QE4UozvGrmFB',NULL,'2019-09-23 18:39:14'),
(5,'App\\Models\\Blog',16,'Ulbd72XaozGBM9V0f7qcYFjWsGffZDk0sRY4CSlinG6tFYDwfFRNntJeSwlostzltdqBIW8fizvrllYA',NULL,'2019-09-23 19:46:23'),
(6,'App\\Models\\Blog',2,'Ulbd72XaozGBM9V0f7qcYFjWsGffZDk0sRY4CSlinG6tFYDwfFRNntJeSwlostzltdqBIW8fizvrllYA',NULL,'2019-09-23 19:47:50'),
(7,'App\\Models\\Blog',2,'Ulbd72XaozGBM9V0f7qcYFjWsGffZDk0sRY4CSlinG6tFYDwfFRNntJeSwlostzltdqBIW8fizvrllYA',NULL,'2019-09-23 19:48:00'),
(8,'App\\Models\\Blog',2,'Ulbd72XaozGBM9V0f7qcYFjWsGffZDk0sRY4CSlinG6tFYDwfFRNntJeSwlostzltdqBIW8fizvrllYA',NULL,'2019-09-23 19:50:09'),
(9,'App\\Models\\Blog',2,'Ulbd72XaozGBM9V0f7qcYFjWsGffZDk0sRY4CSlinG6tFYDwfFRNntJeSwlostzltdqBIW8fizvrllYA',NULL,'2019-09-23 19:50:35'),
(10,'App\\Models\\Blog',2,'Ulbd72XaozGBM9V0f7qcYFjWsGffZDk0sRY4CSlinG6tFYDwfFRNntJeSwlostzltdqBIW8fizvrllYA',NULL,'2019-09-23 19:50:48'),
(11,'App\\Models\\Blog',3,'Ulbd72XaozGBM9V0f7qcYFjWsGffZDk0sRY4CSlinG6tFYDwfFRNntJeSwlostzltdqBIW8fizvrllYA',NULL,'2019-09-23 19:50:54'),
(12,'App\\Models\\Post',39,'Ulbd72XaozGBM9V0f7qcYFjWsGffZDk0sRY4CSlinG6tFYDwfFRNntJeSwlostzltdqBIW8fizvrllYA',NULL,'2019-09-23 21:21:46'),
(14,'App\\Models\\Post',43,'Ulbd72XaozGBM9V0f7qcYFjWsGffZDk0sRY4CSlinG6tFYDwfFRNntJeSwlostzltdqBIW8fizvrllYA',NULL,'2019-09-28 17:08:48'),
(16,'App\\Models\\Post',45,'Ulbd72XaozGBM9V0f7qcYFjWsGffZDk0sRY4CSlinG6tFYDwfFRNntJeSwlostzltdqBIW8fizvrllYA',NULL,'2019-09-28 18:06:36'),
(18,'App\\Models\\Blog',1,'Ulbd72XaozGBM9V0f7qcYFjWsGffZDk0sRY4CSlinG6tFYDwfFRNntJeSwlostzltdqBIW8fizvrllYA',NULL,'2019-09-28 18:08:02'),
(20,'App\\Models\\Post',39,'GKLzz5rrEGE7IuDZddjG3RsWiDSzSRGi7NOb8Dsuta77DdOZvnz6QnDVU4RgtpqxfHU4E4s0AujIRBj2',NULL,'2019-09-30 13:03:07'),
(21,'App\\Models\\Post',39,'GKLzz5rrEGE7IuDZddjG3RsWiDSzSRGi7NOb8Dsuta77DdOZvnz6QnDVU4RgtpqxfHU4E4s0AujIRBj2',NULL,'2019-09-30 13:03:55'),
(22,'App\\Models\\Blog',16,'GKLzz5rrEGE7IuDZddjG3RsWiDSzSRGi7NOb8Dsuta77DdOZvnz6QnDVU4RgtpqxfHU4E4s0AujIRBj2',NULL,'2019-09-30 13:08:51'),
(23,'App\\Models\\Post',44,'GKLzz5rrEGE7IuDZddjG3RsWiDSzSRGi7NOb8Dsuta77DdOZvnz6QnDVU4RgtpqxfHU4E4s0AujIRBj2',NULL,'2019-09-30 13:14:46'),
(25,'App\\Models\\Post',48,'GKLzz5rrEGE7IuDZddjG3RsWiDSzSRGi7NOb8Dsuta77DdOZvnz6QnDVU4RgtpqxfHU4E4s0AujIRBj2',NULL,'2019-09-30 13:14:56'),
(26,'App\\Models\\Post',41,'GKLzz5rrEGE7IuDZddjG3RsWiDSzSRGi7NOb8Dsuta77DdOZvnz6QnDVU4RgtpqxfHU4E4s0AujIRBj2',NULL,'2019-09-30 13:15:31'),
(28,'App\\Models\\Post',41,'GKLzz5rrEGE7IuDZddjG3RsWiDSzSRGi7NOb8Dsuta77DdOZvnz6QnDVU4RgtpqxfHU4E4s0AujIRBj2',NULL,'2019-09-30 13:15:50'),
(29,'App\\Models\\Post',41,'GKLzz5rrEGE7IuDZddjG3RsWiDSzSRGi7NOb8Dsuta77DdOZvnz6QnDVU4RgtpqxfHU4E4s0AujIRBj2',NULL,'2019-09-30 13:20:33'),
(30,'App\\Models\\Post',89,'GKLzz5rrEGE7IuDZddjG3RsWiDSzSRGi7NOb8Dsuta77DdOZvnz6QnDVU4RgtpqxfHU4E4s0AujIRBj2',NULL,'2019-09-30 13:20:37'),
(31,'App\\Models\\Blog',17,'GKLzz5rrEGE7IuDZddjG3RsWiDSzSRGi7NOb8Dsuta77DdOZvnz6QnDVU4RgtpqxfHU4E4s0AujIRBj2',NULL,'2019-09-30 18:04:01'),
(32,'App\\Models\\Blog',17,'GKLzz5rrEGE7IuDZddjG3RsWiDSzSRGi7NOb8Dsuta77DdOZvnz6QnDVU4RgtpqxfHU4E4s0AujIRBj2',NULL,'2019-09-30 18:05:08'),
(33,'App\\Models\\Blog',17,'GKLzz5rrEGE7IuDZddjG3RsWiDSzSRGi7NOb8Dsuta77DdOZvnz6QnDVU4RgtpqxfHU4E4s0AujIRBj2',NULL,'2019-09-30 18:05:21'),
(36,'App\\Models\\Blog',2,'GKLzz5rrEGE7IuDZddjG3RsWiDSzSRGi7NOb8Dsuta77DdOZvnz6QnDVU4RgtpqxfHU4E4s0AujIRBj2',NULL,'2019-09-30 19:19:34'),
(37,'App\\Models\\Blog',2,'GKLzz5rrEGE7IuDZddjG3RsWiDSzSRGi7NOb8Dsuta77DdOZvnz6QnDVU4RgtpqxfHU4E4s0AujIRBj2',NULL,'2019-09-30 19:20:01'),
(38,'App\\Models\\Blog',2,'GKLzz5rrEGE7IuDZddjG3RsWiDSzSRGi7NOb8Dsuta77DdOZvnz6QnDVU4RgtpqxfHU4E4s0AujIRBj2',NULL,'2019-09-30 19:21:32'),
(39,'App\\Models\\Blog',2,'GKLzz5rrEGE7IuDZddjG3RsWiDSzSRGi7NOb8Dsuta77DdOZvnz6QnDVU4RgtpqxfHU4E4s0AujIRBj2',NULL,'2019-09-30 19:21:49'),
(40,'App\\Models\\Blog',2,'GKLzz5rrEGE7IuDZddjG3RsWiDSzSRGi7NOb8Dsuta77DdOZvnz6QnDVU4RgtpqxfHU4E4s0AujIRBj2',NULL,'2019-09-30 19:25:20'),
(41,'App\\Models\\Blog',3,'GKLzz5rrEGE7IuDZddjG3RsWiDSzSRGi7NOb8Dsuta77DdOZvnz6QnDVU4RgtpqxfHU4E4s0AujIRBj2',NULL,'2019-09-30 19:25:26'),
(42,'App\\Models\\Blog',2,'GKLzz5rrEGE7IuDZddjG3RsWiDSzSRGi7NOb8Dsuta77DdOZvnz6QnDVU4RgtpqxfHU4E4s0AujIRBj2',NULL,'2019-09-30 19:25:41'),
(43,'App\\Models\\Blog',8,'GKLzz5rrEGE7IuDZddjG3RsWiDSzSRGi7NOb8Dsuta77DdOZvnz6QnDVU4RgtpqxfHU4E4s0AujIRBj2',NULL,'2019-09-30 19:25:44'),
(46,'App\\Models\\Blog',3,'GKLzz5rrEGE7IuDZddjG3RsWiDSzSRGi7NOb8Dsuta77DdOZvnz6QnDVU4RgtpqxfHU4E4s0AujIRBj2',NULL,'2019-09-30 19:26:10'),
(47,'App\\Models\\Blog',3,'GKLzz5rrEGE7IuDZddjG3RsWiDSzSRGi7NOb8Dsuta77DdOZvnz6QnDVU4RgtpqxfHU4E4s0AujIRBj2',NULL,'2019-09-30 19:26:17'),
(48,'App\\Models\\Blog',8,'GKLzz5rrEGE7IuDZddjG3RsWiDSzSRGi7NOb8Dsuta77DdOZvnz6QnDVU4RgtpqxfHU4E4s0AujIRBj2',NULL,'2019-09-30 19:26:29'),
(49,'App\\Models\\Blog',2,'GKLzz5rrEGE7IuDZddjG3RsWiDSzSRGi7NOb8Dsuta77DdOZvnz6QnDVU4RgtpqxfHU4E4s0AujIRBj2',NULL,'2019-10-03 03:03:20'),
(50,'App\\Models\\Blog',8,'GKLzz5rrEGE7IuDZddjG3RsWiDSzSRGi7NOb8Dsuta77DdOZvnz6QnDVU4RgtpqxfHU4E4s0AujIRBj2',NULL,'2019-10-03 03:06:25'),
(51,'App\\Models\\Blog',8,'GKLzz5rrEGE7IuDZddjG3RsWiDSzSRGi7NOb8Dsuta77DdOZvnz6QnDVU4RgtpqxfHU4E4s0AujIRBj2',NULL,'2019-10-03 03:06:40'),
(52,'App\\Models\\Blog',8,'GKLzz5rrEGE7IuDZddjG3RsWiDSzSRGi7NOb8Dsuta77DdOZvnz6QnDVU4RgtpqxfHU4E4s0AujIRBj2',NULL,'2019-10-03 03:06:53'),
(53,'App\\Models\\Blog',8,'GKLzz5rrEGE7IuDZddjG3RsWiDSzSRGi7NOb8Dsuta77DdOZvnz6QnDVU4RgtpqxfHU4E4s0AujIRBj2',NULL,'2019-10-03 03:07:39'),
(54,'App\\Models\\Blog',8,'GKLzz5rrEGE7IuDZddjG3RsWiDSzSRGi7NOb8Dsuta77DdOZvnz6QnDVU4RgtpqxfHU4E4s0AujIRBj2',NULL,'2019-10-03 03:07:52'),
(55,'App\\Models\\Blog',8,'GKLzz5rrEGE7IuDZddjG3RsWiDSzSRGi7NOb8Dsuta77DdOZvnz6QnDVU4RgtpqxfHU4E4s0AujIRBj2',NULL,'2019-10-03 03:08:16'),
(56,'App\\Models\\Blog',8,'GKLzz5rrEGE7IuDZddjG3RsWiDSzSRGi7NOb8Dsuta77DdOZvnz6QnDVU4RgtpqxfHU4E4s0AujIRBj2',NULL,'2019-10-03 03:09:27'),
(57,'App\\Models\\Blog',8,'GKLzz5rrEGE7IuDZddjG3RsWiDSzSRGi7NOb8Dsuta77DdOZvnz6QnDVU4RgtpqxfHU4E4s0AujIRBj2',NULL,'2019-10-03 03:09:57'),
(58,'App\\Models\\Blog',8,'GKLzz5rrEGE7IuDZddjG3RsWiDSzSRGi7NOb8Dsuta77DdOZvnz6QnDVU4RgtpqxfHU4E4s0AujIRBj2',NULL,'2019-10-03 03:10:19'),
(59,'App\\Models\\Blog',8,'GKLzz5rrEGE7IuDZddjG3RsWiDSzSRGi7NOb8Dsuta77DdOZvnz6QnDVU4RgtpqxfHU4E4s0AujIRBj2',NULL,'2019-10-03 03:10:42'),
(60,'App\\Models\\Blog',8,'GKLzz5rrEGE7IuDZddjG3RsWiDSzSRGi7NOb8Dsuta77DdOZvnz6QnDVU4RgtpqxfHU4E4s0AujIRBj2',NULL,'2019-10-03 03:11:20'),
(61,'App\\Models\\Blog',8,'GKLzz5rrEGE7IuDZddjG3RsWiDSzSRGi7NOb8Dsuta77DdOZvnz6QnDVU4RgtpqxfHU4E4s0AujIRBj2',NULL,'2019-10-03 03:11:22'),
(62,'App\\Models\\Blog',8,'GKLzz5rrEGE7IuDZddjG3RsWiDSzSRGi7NOb8Dsuta77DdOZvnz6QnDVU4RgtpqxfHU4E4s0AujIRBj2',NULL,'2019-10-03 03:11:23'),
(63,'App\\Models\\Blog',8,'GKLzz5rrEGE7IuDZddjG3RsWiDSzSRGi7NOb8Dsuta77DdOZvnz6QnDVU4RgtpqxfHU4E4s0AujIRBj2',NULL,'2019-10-03 03:12:47'),
(64,'App\\Models\\Blog',3,'GKLzz5rrEGE7IuDZddjG3RsWiDSzSRGi7NOb8Dsuta77DdOZvnz6QnDVU4RgtpqxfHU4E4s0AujIRBj2',NULL,'2019-10-03 03:14:09'),
(119,'App\\Models\\Blog',3,'GKLzz5rrEGE7IuDZddjG3RsWiDSzSRGi7NOb8Dsuta77DdOZvnz6QnDVU4RgtpqxfHU4E4s0AujIRBj2',NULL,'2019-10-03 08:16:25'),
(121,'App\\Models\\Blog',8,'GKLzz5rrEGE7IuDZddjG3RsWiDSzSRGi7NOb8Dsuta77DdOZvnz6QnDVU4RgtpqxfHU4E4s0AujIRBj2',NULL,'2019-10-03 08:18:04'),
(122,'App\\Models\\Blog',2,'GKLzz5rrEGE7IuDZddjG3RsWiDSzSRGi7NOb8Dsuta77DdOZvnz6QnDVU4RgtpqxfHU4E4s0AujIRBj2',NULL,'2019-10-03 08:18:12'),
(123,'App\\Models\\Blog',3,'GKLzz5rrEGE7IuDZddjG3RsWiDSzSRGi7NOb8Dsuta77DdOZvnz6QnDVU4RgtpqxfHU4E4s0AujIRBj2',NULL,'2019-10-03 08:18:16'),
(124,'App\\Models\\Blog',3,'GKLzz5rrEGE7IuDZddjG3RsWiDSzSRGi7NOb8Dsuta77DdOZvnz6QnDVU4RgtpqxfHU4E4s0AujIRBj2',NULL,'2019-10-03 08:20:32'),
(125,'App\\Models\\Blog',8,'GKLzz5rrEGE7IuDZddjG3RsWiDSzSRGi7NOb8Dsuta77DdOZvnz6QnDVU4RgtpqxfHU4E4s0AujIRBj2',NULL,'2019-10-03 08:24:04'),
(126,'App\\Models\\Blog',17,'GKLzz5rrEGE7IuDZddjG3RsWiDSzSRGi7NOb8Dsuta77DdOZvnz6QnDVU4RgtpqxfHU4E4s0AujIRBj2',NULL,'2019-10-03 08:24:09'),
(127,'App\\Models\\Blog',8,'GKLzz5rrEGE7IuDZddjG3RsWiDSzSRGi7NOb8Dsuta77DdOZvnz6QnDVU4RgtpqxfHU4E4s0AujIRBj2',NULL,'2019-10-03 08:24:13'),
(128,'App\\Models\\Blog',3,'GKLzz5rrEGE7IuDZddjG3RsWiDSzSRGi7NOb8Dsuta77DdOZvnz6QnDVU4RgtpqxfHU4E4s0AujIRBj2',NULL,'2019-10-03 08:24:17'),
(130,'App\\Models\\Blog',1,'GKLzz5rrEGE7IuDZddjG3RsWiDSzSRGi7NOb8Dsuta77DdOZvnz6QnDVU4RgtpqxfHU4E4s0AujIRBj2',NULL,'2019-10-03 08:24:37'),
(131,'App\\Models\\Blog',1,'GKLzz5rrEGE7IuDZddjG3RsWiDSzSRGi7NOb8Dsuta77DdOZvnz6QnDVU4RgtpqxfHU4E4s0AujIRBj2',NULL,'2019-10-03 08:24:41'),
(133,'App\\Models\\Blog',3,'GKLzz5rrEGE7IuDZddjG3RsWiDSzSRGi7NOb8Dsuta77DdOZvnz6QnDVU4RgtpqxfHU4E4s0AujIRBj2',NULL,'2019-10-03 08:33:58'),
(135,'App\\Models\\Blog',16,'GKLzz5rrEGE7IuDZddjG3RsWiDSzSRGi7NOb8Dsuta77DdOZvnz6QnDVU4RgtpqxfHU4E4s0AujIRBj2',NULL,'2019-10-03 08:34:44'),
(136,'App\\Models\\Blog',16,'GKLzz5rrEGE7IuDZddjG3RsWiDSzSRGi7NOb8Dsuta77DdOZvnz6QnDVU4RgtpqxfHU4E4s0AujIRBj2',NULL,'2019-10-03 08:35:58'),
(137,'App\\Models\\Blog',16,'GKLzz5rrEGE7IuDZddjG3RsWiDSzSRGi7NOb8Dsuta77DdOZvnz6QnDVU4RgtpqxfHU4E4s0AujIRBj2',NULL,'2019-10-03 08:43:17'),
(138,'App\\Models\\Blog',16,'GKLzz5rrEGE7IuDZddjG3RsWiDSzSRGi7NOb8Dsuta77DdOZvnz6QnDVU4RgtpqxfHU4E4s0AujIRBj2',NULL,'2019-10-03 08:43:38'),
(139,'App\\Models\\Blog',16,'GKLzz5rrEGE7IuDZddjG3RsWiDSzSRGi7NOb8Dsuta77DdOZvnz6QnDVU4RgtpqxfHU4E4s0AujIRBj2',NULL,'2019-10-03 08:43:57'),
(140,'App\\Models\\Blog',16,'GKLzz5rrEGE7IuDZddjG3RsWiDSzSRGi7NOb8Dsuta77DdOZvnz6QnDVU4RgtpqxfHU4E4s0AujIRBj2',NULL,'2019-10-03 08:44:10'),
(141,'App\\Models\\Blog',16,'GKLzz5rrEGE7IuDZddjG3RsWiDSzSRGi7NOb8Dsuta77DdOZvnz6QnDVU4RgtpqxfHU4E4s0AujIRBj2',NULL,'2019-10-03 08:45:56'),
(142,'App\\Models\\Blog',16,'GKLzz5rrEGE7IuDZddjG3RsWiDSzSRGi7NOb8Dsuta77DdOZvnz6QnDVU4RgtpqxfHU4E4s0AujIRBj2',NULL,'2019-10-03 08:46:04'),
(143,'App\\Models\\Blog',16,'GKLzz5rrEGE7IuDZddjG3RsWiDSzSRGi7NOb8Dsuta77DdOZvnz6QnDVU4RgtpqxfHU4E4s0AujIRBj2',NULL,'2019-10-03 08:46:08'),
(144,'App\\Models\\Blog',16,'GKLzz5rrEGE7IuDZddjG3RsWiDSzSRGi7NOb8Dsuta77DdOZvnz6QnDVU4RgtpqxfHU4E4s0AujIRBj2',NULL,'2019-10-03 08:46:34'),
(145,'App\\Models\\Blog',16,'GKLzz5rrEGE7IuDZddjG3RsWiDSzSRGi7NOb8Dsuta77DdOZvnz6QnDVU4RgtpqxfHU4E4s0AujIRBj2',NULL,'2019-10-03 08:47:32'),
(146,'App\\Models\\Blog',16,'GKLzz5rrEGE7IuDZddjG3RsWiDSzSRGi7NOb8Dsuta77DdOZvnz6QnDVU4RgtpqxfHU4E4s0AujIRBj2',NULL,'2019-10-03 08:54:39'),
(147,'App\\Models\\Blog',16,'GKLzz5rrEGE7IuDZddjG3RsWiDSzSRGi7NOb8Dsuta77DdOZvnz6QnDVU4RgtpqxfHU4E4s0AujIRBj2',NULL,'2019-10-03 08:55:11'),
(148,'App\\Models\\Blog',16,'GKLzz5rrEGE7IuDZddjG3RsWiDSzSRGi7NOb8Dsuta77DdOZvnz6QnDVU4RgtpqxfHU4E4s0AujIRBj2',NULL,'2019-10-03 08:55:36'),
(149,'App\\Models\\Blog',16,'GKLzz5rrEGE7IuDZddjG3RsWiDSzSRGi7NOb8Dsuta77DdOZvnz6QnDVU4RgtpqxfHU4E4s0AujIRBj2',NULL,'2019-10-03 09:00:00'),
(150,'App\\Models\\Blog',16,'GKLzz5rrEGE7IuDZddjG3RsWiDSzSRGi7NOb8Dsuta77DdOZvnz6QnDVU4RgtpqxfHU4E4s0AujIRBj2',NULL,'2019-10-03 09:00:55'),
(151,'App\\Models\\Blog',16,'GKLzz5rrEGE7IuDZddjG3RsWiDSzSRGi7NOb8Dsuta77DdOZvnz6QnDVU4RgtpqxfHU4E4s0AujIRBj2',NULL,'2019-10-03 09:01:10'),
(152,'App\\Models\\Blog',17,'GKLzz5rrEGE7IuDZddjG3RsWiDSzSRGi7NOb8Dsuta77DdOZvnz6QnDVU4RgtpqxfHU4E4s0AujIRBj2',NULL,'2019-10-03 09:01:29'),
(153,'App\\Models\\Blog',17,'GKLzz5rrEGE7IuDZddjG3RsWiDSzSRGi7NOb8Dsuta77DdOZvnz6QnDVU4RgtpqxfHU4E4s0AujIRBj2',NULL,'2019-10-03 09:03:49'),
(154,'App\\Models\\Blog',3,'GKLzz5rrEGE7IuDZddjG3RsWiDSzSRGi7NOb8Dsuta77DdOZvnz6QnDVU4RgtpqxfHU4E4s0AujIRBj2',NULL,'2019-10-03 09:04:17'),
(155,'App\\Models\\Blog',16,'GKLzz5rrEGE7IuDZddjG3RsWiDSzSRGi7NOb8Dsuta77DdOZvnz6QnDVU4RgtpqxfHU4E4s0AujIRBj2',NULL,'2019-10-03 09:04:37'),
(156,'App\\Models\\Blog',17,'GKLzz5rrEGE7IuDZddjG3RsWiDSzSRGi7NOb8Dsuta77DdOZvnz6QnDVU4RgtpqxfHU4E4s0AujIRBj2',NULL,'2019-10-03 09:05:25'),
(160,'App\\Models\\Blog',16,'GKLzz5rrEGE7IuDZddjG3RsWiDSzSRGi7NOb8Dsuta77DdOZvnz6QnDVU4RgtpqxfHU4E4s0AujIRBj2',NULL,'2019-10-03 09:06:45'),
(161,'App\\Models\\Blog',16,'GKLzz5rrEGE7IuDZddjG3RsWiDSzSRGi7NOb8Dsuta77DdOZvnz6QnDVU4RgtpqxfHU4E4s0AujIRBj2',NULL,'2019-10-03 09:06:51'),
(162,'App\\Models\\Blog',17,'GKLzz5rrEGE7IuDZddjG3RsWiDSzSRGi7NOb8Dsuta77DdOZvnz6QnDVU4RgtpqxfHU4E4s0AujIRBj2',NULL,'2019-10-03 09:07:05'),
(164,'App\\Models\\Blog',8,'GKLzz5rrEGE7IuDZddjG3RsWiDSzSRGi7NOb8Dsuta77DdOZvnz6QnDVU4RgtpqxfHU4E4s0AujIRBj2',NULL,'2019-10-03 09:09:45'),
(166,'App\\Models\\Blog',3,'GKLzz5rrEGE7IuDZddjG3RsWiDSzSRGi7NOb8Dsuta77DdOZvnz6QnDVU4RgtpqxfHU4E4s0AujIRBj2',NULL,'2019-10-03 09:24:41'),
(167,'App\\Models\\Blog',8,'GKLzz5rrEGE7IuDZddjG3RsWiDSzSRGi7NOb8Dsuta77DdOZvnz6QnDVU4RgtpqxfHU4E4s0AujIRBj2',NULL,'2019-10-03 09:24:45'),
(170,'App\\Models\\Blog',2,'GKLzz5rrEGE7IuDZddjG3RsWiDSzSRGi7NOb8Dsuta77DdOZvnz6QnDVU4RgtpqxfHU4E4s0AujIRBj2',NULL,'2019-10-03 09:25:13'),
(175,'App\\Models\\Blog',8,'GKLzz5rrEGE7IuDZddjG3RsWiDSzSRGi7NOb8Dsuta77DdOZvnz6QnDVU4RgtpqxfHU4E4s0AujIRBj2',NULL,'2019-10-03 09:26:10'),
(183,'App\\Models\\Blog',2,'GKLzz5rrEGE7IuDZddjG3RsWiDSzSRGi7NOb8Dsuta77DdOZvnz6QnDVU4RgtpqxfHU4E4s0AujIRBj2',NULL,'2019-10-03 09:27:26'),
(186,'App\\Models\\Blog',8,'GKLzz5rrEGE7IuDZddjG3RsWiDSzSRGi7NOb8Dsuta77DdOZvnz6QnDVU4RgtpqxfHU4E4s0AujIRBj2',NULL,'2019-10-03 09:27:47'),
(187,'App\\Models\\Blog',2,'GKLzz5rrEGE7IuDZddjG3RsWiDSzSRGi7NOb8Dsuta77DdOZvnz6QnDVU4RgtpqxfHU4E4s0AujIRBj2',NULL,'2019-10-03 09:28:38'),
(189,'App\\Models\\Blog',4,'GKLzz5rrEGE7IuDZddjG3RsWiDSzSRGi7NOb8Dsuta77DdOZvnz6QnDVU4RgtpqxfHU4E4s0AujIRBj2',NULL,'2019-10-03 09:29:31'),
(190,'App\\Models\\Blog',8,'GKLzz5rrEGE7IuDZddjG3RsWiDSzSRGi7NOb8Dsuta77DdOZvnz6QnDVU4RgtpqxfHU4E4s0AujIRBj2',NULL,'2019-10-03 09:29:57'),
(191,'App\\Models\\Blog',2,'lCcz0FwWVarGMwJUBnL7SrOyfIM4S9YMzbVxGzWJx9X48R5GhN7kyHJ35MB3huDG0P6z5AXa8ph7hyCB',NULL,'2019-10-03 09:30:28'),
(192,'App\\Models\\Blog',3,'lCcz0FwWVarGMwJUBnL7SrOyfIM4S9YMzbVxGzWJx9X48R5GhN7kyHJ35MB3huDG0P6z5AXa8ph7hyCB',NULL,'2019-10-03 09:30:35'),
(197,'App\\Models\\Blog',3,'lCcz0FwWVarGMwJUBnL7SrOyfIM4S9YMzbVxGzWJx9X48R5GhN7kyHJ35MB3huDG0P6z5AXa8ph7hyCB',NULL,'2019-10-03 09:31:25'),
(203,'App\\Models\\Post',39,'GKLzz5rrEGE7IuDZddjG3RsWiDSzSRGi7NOb8Dsuta77DdOZvnz6QnDVU4RgtpqxfHU4E4s0AujIRBj2',NULL,'2019-10-03 09:33:04'),
(204,'App\\Models\\Post',89,'GKLzz5rrEGE7IuDZddjG3RsWiDSzSRGi7NOb8Dsuta77DdOZvnz6QnDVU4RgtpqxfHU4E4s0AujIRBj2',NULL,'2019-10-03 09:33:08'),
(239,'App\\Models\\Blog',17,'GKLzz5rrEGE7IuDZddjG3RsWiDSzSRGi7NOb8Dsuta77DdOZvnz6QnDVU4RgtpqxfHU4E4s0AujIRBj2',NULL,'2019-10-03 10:42:47'),
(240,'App\\Models\\Blog',3,'GKLzz5rrEGE7IuDZddjG3RsWiDSzSRGi7NOb8Dsuta77DdOZvnz6QnDVU4RgtpqxfHU4E4s0AujIRBj2',NULL,'2019-10-03 10:42:56'),
(241,'App\\Models\\Blog',3,'GKLzz5rrEGE7IuDZddjG3RsWiDSzSRGi7NOb8Dsuta77DdOZvnz6QnDVU4RgtpqxfHU4E4s0AujIRBj2',NULL,'2019-10-03 10:43:02'),
(242,'App\\Models\\Blog',3,'GKLzz5rrEGE7IuDZddjG3RsWiDSzSRGi7NOb8Dsuta77DdOZvnz6QnDVU4RgtpqxfHU4E4s0AujIRBj2',NULL,'2019-10-03 10:43:40'),
(243,'App\\Models\\Blog',3,'GKLzz5rrEGE7IuDZddjG3RsWiDSzSRGi7NOb8Dsuta77DdOZvnz6QnDVU4RgtpqxfHU4E4s0AujIRBj2',NULL,'2019-10-03 10:43:41'),
(244,'App\\Models\\Blog',3,'GKLzz5rrEGE7IuDZddjG3RsWiDSzSRGi7NOb8Dsuta77DdOZvnz6QnDVU4RgtpqxfHU4E4s0AujIRBj2',NULL,'2019-10-03 10:43:42'),
(245,'App\\Models\\Blog',3,'GKLzz5rrEGE7IuDZddjG3RsWiDSzSRGi7NOb8Dsuta77DdOZvnz6QnDVU4RgtpqxfHU4E4s0AujIRBj2',NULL,'2019-10-03 10:43:43'),
(246,'App\\Models\\Blog',3,'GKLzz5rrEGE7IuDZddjG3RsWiDSzSRGi7NOb8Dsuta77DdOZvnz6QnDVU4RgtpqxfHU4E4s0AujIRBj2',NULL,'2019-10-03 10:43:50'),
(247,'App\\Models\\Blog',3,'GKLzz5rrEGE7IuDZddjG3RsWiDSzSRGi7NOb8Dsuta77DdOZvnz6QnDVU4RgtpqxfHU4E4s0AujIRBj2',NULL,'2019-10-03 10:44:29'),
(248,'App\\Models\\Blog',3,'GKLzz5rrEGE7IuDZddjG3RsWiDSzSRGi7NOb8Dsuta77DdOZvnz6QnDVU4RgtpqxfHU4E4s0AujIRBj2',NULL,'2019-10-03 10:45:08'),
(249,'App\\Models\\Blog',3,'GKLzz5rrEGE7IuDZddjG3RsWiDSzSRGi7NOb8Dsuta77DdOZvnz6QnDVU4RgtpqxfHU4E4s0AujIRBj2',NULL,'2019-10-03 10:45:38'),
(250,'App\\Models\\Blog',3,'GKLzz5rrEGE7IuDZddjG3RsWiDSzSRGi7NOb8Dsuta77DdOZvnz6QnDVU4RgtpqxfHU4E4s0AujIRBj2',NULL,'2019-10-03 10:45:58'),
(251,'App\\Models\\Blog',3,'GKLzz5rrEGE7IuDZddjG3RsWiDSzSRGi7NOb8Dsuta77DdOZvnz6QnDVU4RgtpqxfHU4E4s0AujIRBj2',NULL,'2019-10-03 10:45:58'),
(252,'App\\Models\\Blog',3,'GKLzz5rrEGE7IuDZddjG3RsWiDSzSRGi7NOb8Dsuta77DdOZvnz6QnDVU4RgtpqxfHU4E4s0AujIRBj2',NULL,'2019-10-03 10:46:22'),
(253,'App\\Models\\Blog',3,'GKLzz5rrEGE7IuDZddjG3RsWiDSzSRGi7NOb8Dsuta77DdOZvnz6QnDVU4RgtpqxfHU4E4s0AujIRBj2',NULL,'2019-10-03 10:46:45'),
(254,'App\\Models\\Post',48,'GKLzz5rrEGE7IuDZddjG3RsWiDSzSRGi7NOb8Dsuta77DdOZvnz6QnDVU4RgtpqxfHU4E4s0AujIRBj2',NULL,'2019-10-03 10:47:03'),
(255,'App\\Models\\Post',42,'GKLzz5rrEGE7IuDZddjG3RsWiDSzSRGi7NOb8Dsuta77DdOZvnz6QnDVU4RgtpqxfHU4E4s0AujIRBj2',NULL,'2019-10-03 10:47:10'),
(257,'App\\Models\\Blog',3,'GKLzz5rrEGE7IuDZddjG3RsWiDSzSRGi7NOb8Dsuta77DdOZvnz6QnDVU4RgtpqxfHU4E4s0AujIRBj2',NULL,'2019-10-03 10:47:29'),
(258,'App\\Models\\Blog',3,'GKLzz5rrEGE7IuDZddjG3RsWiDSzSRGi7NOb8Dsuta77DdOZvnz6QnDVU4RgtpqxfHU4E4s0AujIRBj2',NULL,'2019-10-03 10:48:05'),
(259,'App\\Models\\Blog',16,'GKLzz5rrEGE7IuDZddjG3RsWiDSzSRGi7NOb8Dsuta77DdOZvnz6QnDVU4RgtpqxfHU4E4s0AujIRBj2',NULL,'2019-10-03 10:58:37'),
(260,'App\\Models\\Blog',16,'GKLzz5rrEGE7IuDZddjG3RsWiDSzSRGi7NOb8Dsuta77DdOZvnz6QnDVU4RgtpqxfHU4E4s0AujIRBj2',NULL,'2019-10-03 10:58:48'),
(262,'App\\Models\\Blog',16,'GKLzz5rrEGE7IuDZddjG3RsWiDSzSRGi7NOb8Dsuta77DdOZvnz6QnDVU4RgtpqxfHU4E4s0AujIRBj2',NULL,'2019-10-03 10:59:04'),
(263,'App\\Models\\Blog',16,'GKLzz5rrEGE7IuDZddjG3RsWiDSzSRGi7NOb8Dsuta77DdOZvnz6QnDVU4RgtpqxfHU4E4s0AujIRBj2',NULL,'2019-10-03 10:59:23'),
(264,'App\\Models\\Blog',16,'GKLzz5rrEGE7IuDZddjG3RsWiDSzSRGi7NOb8Dsuta77DdOZvnz6QnDVU4RgtpqxfHU4E4s0AujIRBj2',NULL,'2019-10-03 10:59:26'),
(272,'App\\Models\\Post',48,'paYQGLxrd0oYm7cocxbTJEGw2r2wL7ZqbQf6KaAkvewkvPLDvIfP8njVAHhX2JVPSZybImSBAscRLgQN',NULL,'2019-10-03 12:08:28'),
(297,'App\\Models\\Blog',17,'paYQGLxrd0oYm7cocxbTJEGw2r2wL7ZqbQf6KaAkvewkvPLDvIfP8njVAHhX2JVPSZybImSBAscRLgQN',NULL,'2019-10-03 12:47:54'),
(299,'App\\Models\\Blog',8,'Q81YjF7Vi09YpuDb5ZRz30WssoGhrTYo37hn0drun37v4tLQEiayajpVYaZuIbaKR0WIvrx9WcuzNg6T',NULL,'2019-10-03 12:48:29'),
(300,'App\\Models\\Post',41,'paYQGLxrd0oYm7cocxbTJEGw2r2wL7ZqbQf6KaAkvewkvPLDvIfP8njVAHhX2JVPSZybImSBAscRLgQN',NULL,'2019-10-03 12:48:38'),
(305,'App\\Models\\Blog',16,'paYQGLxrd0oYm7cocxbTJEGw2r2wL7ZqbQf6KaAkvewkvPLDvIfP8njVAHhX2JVPSZybImSBAscRLgQN',NULL,'2019-10-03 12:55:35'),
(324,'App\\Models\\Post',89,'paYQGLxrd0oYm7cocxbTJEGw2r2wL7ZqbQf6KaAkvewkvPLDvIfP8njVAHhX2JVPSZybImSBAscRLgQN',NULL,'2019-10-03 13:15:01'),
(325,'App\\Models\\Post',90,'paYQGLxrd0oYm7cocxbTJEGw2r2wL7ZqbQf6KaAkvewkvPLDvIfP8njVAHhX2JVPSZybImSBAscRLgQN',NULL,'2019-10-03 13:15:05'),
(326,'App\\Models\\Post',90,'paYQGLxrd0oYm7cocxbTJEGw2r2wL7ZqbQf6KaAkvewkvPLDvIfP8njVAHhX2JVPSZybImSBAscRLgQN',NULL,'2019-10-03 13:15:53'),
(330,'App\\Models\\Blog',3,'paYQGLxrd0oYm7cocxbTJEGw2r2wL7ZqbQf6KaAkvewkvPLDvIfP8njVAHhX2JVPSZybImSBAscRLgQN',NULL,'2019-10-03 13:35:11'),
(333,'App\\Models\\Blog',3,'paYQGLxrd0oYm7cocxbTJEGw2r2wL7ZqbQf6KaAkvewkvPLDvIfP8njVAHhX2JVPSZybImSBAscRLgQN',NULL,'2019-10-03 13:36:41'),
(335,'App\\Models\\Blog',3,'Q81YjF7Vi09YpuDb5ZRz30WssoGhrTYo37hn0drun37v4tLQEiayajpVYaZuIbaKR0WIvrx9WcuzNg6T',NULL,'2019-10-03 14:17:12'),
(358,'App\\Models\\Blog',16,'l0ApkX4ybwNAzTLztaqNh8LNuoy7UoCYI9gBAyPKKNEUBCVGe83EquzGI38nYy5hJxnzI7YYKkBIh0OE',NULL,'2019-10-03 14:35:44'),
(359,'App\\Models\\Blog',3,'l0ApkX4ybwNAzTLztaqNh8LNuoy7UoCYI9gBAyPKKNEUBCVGe83EquzGI38nYy5hJxnzI7YYKkBIh0OE',NULL,'2019-10-03 14:35:52'),
(360,'App\\Models\\Post',90,'l0ApkX4ybwNAzTLztaqNh8LNuoy7UoCYI9gBAyPKKNEUBCVGe83EquzGI38nYy5hJxnzI7YYKkBIh0OE',NULL,'2019-10-03 14:36:05'),
(361,'App\\Models\\Blog',4,'l0ApkX4ybwNAzTLztaqNh8LNuoy7UoCYI9gBAyPKKNEUBCVGe83EquzGI38nYy5hJxnzI7YYKkBIh0OE',NULL,'2019-10-03 14:36:38'),
(364,'App\\Models\\Post',90,'l0ApkX4ybwNAzTLztaqNh8LNuoy7UoCYI9gBAyPKKNEUBCVGe83EquzGI38nYy5hJxnzI7YYKkBIh0OE',NULL,'2019-10-03 14:37:39'),
(366,'App\\Models\\Post',90,'l0ApkX4ybwNAzTLztaqNh8LNuoy7UoCYI9gBAyPKKNEUBCVGe83EquzGI38nYy5hJxnzI7YYKkBIh0OE',NULL,'2019-10-03 14:37:53'),
(367,'App\\Models\\Post',90,'l0ApkX4ybwNAzTLztaqNh8LNuoy7UoCYI9gBAyPKKNEUBCVGe83EquzGI38nYy5hJxnzI7YYKkBIh0OE',NULL,'2019-10-03 14:38:13'),
(373,'App\\Models\\Blog',8,'l0ApkX4ybwNAzTLztaqNh8LNuoy7UoCYI9gBAyPKKNEUBCVGe83EquzGI38nYy5hJxnzI7YYKkBIh0OE',NULL,'2019-10-03 15:15:43'),
(378,'App\\Models\\Post',49,'GtSUMc5tuAMqUMWfQGOkiP5D6mN0h1HCUpYNHCEigWgDZxxZqbEYe4BsR4JfLvIXUD1gi4G9UkoXho5T',NULL,'2019-10-03 16:42:51'),
(379,'App\\Models\\Post',46,'GtSUMc5tuAMqUMWfQGOkiP5D6mN0h1HCUpYNHCEigWgDZxxZqbEYe4BsR4JfLvIXUD1gi4G9UkoXho5T',NULL,'2019-10-03 16:43:00'),
(383,'App\\Models\\Post',90,'GtSUMc5tuAMqUMWfQGOkiP5D6mN0h1HCUpYNHCEigWgDZxxZqbEYe4BsR4JfLvIXUD1gi4G9UkoXho5T',NULL,'2019-10-03 16:44:30'),
(384,'App\\Models\\Post',90,'GtSUMc5tuAMqUMWfQGOkiP5D6mN0h1HCUpYNHCEigWgDZxxZqbEYe4BsR4JfLvIXUD1gi4G9UkoXho5T',NULL,'2019-10-03 16:44:45'),
(385,'App\\Models\\Post',90,'GtSUMc5tuAMqUMWfQGOkiP5D6mN0h1HCUpYNHCEigWgDZxxZqbEYe4BsR4JfLvIXUD1gi4G9UkoXho5T',NULL,'2019-10-03 16:45:12'),
(386,'App\\Models\\Post',90,'GtSUMc5tuAMqUMWfQGOkiP5D6mN0h1HCUpYNHCEigWgDZxxZqbEYe4BsR4JfLvIXUD1gi4G9UkoXho5T',NULL,'2019-10-03 16:45:22'),
(387,'App\\Models\\Blog',8,'5WQvkihEdHMSJVjRK74fJ6WnSDAugapNj4dqFwU0NNHsftGzAyfr7xQIh9AhATQ9xh8Ff6vLFby8LWak',NULL,'2019-10-03 18:34:35'),
(389,'App\\Models\\Blog',8,'5WQvkihEdHMSJVjRK74fJ6WnSDAugapNj4dqFwU0NNHsftGzAyfr7xQIh9AhATQ9xh8Ff6vLFby8LWak',NULL,'2019-10-03 18:35:21'),
(390,'App\\Models\\Post',89,'5WQvkihEdHMSJVjRK74fJ6WnSDAugapNj4dqFwU0NNHsftGzAyfr7xQIh9AhATQ9xh8Ff6vLFby8LWak',NULL,'2019-10-03 18:40:07'),
(393,'App\\Models\\Post',45,'5WQvkihEdHMSJVjRK74fJ6WnSDAugapNj4dqFwU0NNHsftGzAyfr7xQIh9AhATQ9xh8Ff6vLFby8LWak',NULL,'2019-10-03 18:41:27'),
(396,'App\\Models\\Post',49,'5WQvkihEdHMSJVjRK74fJ6WnSDAugapNj4dqFwU0NNHsftGzAyfr7xQIh9AhATQ9xh8Ff6vLFby8LWak',NULL,'2019-10-03 18:44:16'),
(397,'App\\Models\\Post',46,'5WQvkihEdHMSJVjRK74fJ6WnSDAugapNj4dqFwU0NNHsftGzAyfr7xQIh9AhATQ9xh8Ff6vLFby8LWak',NULL,'2019-10-03 18:44:19'),
(398,'App\\Models\\Post',45,'5WQvkihEdHMSJVjRK74fJ6WnSDAugapNj4dqFwU0NNHsftGzAyfr7xQIh9AhATQ9xh8Ff6vLFby8LWak',NULL,'2019-10-03 18:44:22'),
(399,'App\\Models\\Post',43,'5WQvkihEdHMSJVjRK74fJ6WnSDAugapNj4dqFwU0NNHsftGzAyfr7xQIh9AhATQ9xh8Ff6vLFby8LWak',NULL,'2019-10-03 18:44:27'),
(401,'App\\Models\\Post',89,'5WQvkihEdHMSJVjRK74fJ6WnSDAugapNj4dqFwU0NNHsftGzAyfr7xQIh9AhATQ9xh8Ff6vLFby8LWak',NULL,'2019-10-03 18:44:31'),
(402,'App\\Models\\Post',48,'5WQvkihEdHMSJVjRK74fJ6WnSDAugapNj4dqFwU0NNHsftGzAyfr7xQIh9AhATQ9xh8Ff6vLFby8LWak',NULL,'2019-10-03 18:44:34'),
(403,'App\\Models\\Post',44,'5WQvkihEdHMSJVjRK74fJ6WnSDAugapNj4dqFwU0NNHsftGzAyfr7xQIh9AhATQ9xh8Ff6vLFby8LWak',NULL,'2019-10-03 18:44:37'),
(411,'App\\Models\\Blog',3,'5WQvkihEdHMSJVjRK74fJ6WnSDAugapNj4dqFwU0NNHsftGzAyfr7xQIh9AhATQ9xh8Ff6vLFby8LWak',NULL,'2019-10-03 18:49:50'),
(412,'App\\Models\\Post',90,'GtSUMc5tuAMqUMWfQGOkiP5D6mN0h1HCUpYNHCEigWgDZxxZqbEYe4BsR4JfLvIXUD1gi4G9UkoXho5T',NULL,'2019-10-03 18:50:41'),
(413,'App\\Models\\Post',90,'5WQvkihEdHMSJVjRK74fJ6WnSDAugapNj4dqFwU0NNHsftGzAyfr7xQIh9AhATQ9xh8Ff6vLFby8LWak',NULL,'2019-10-03 18:50:45'),
(416,'App\\Models\\Post',42,'GtSUMc5tuAMqUMWfQGOkiP5D6mN0h1HCUpYNHCEigWgDZxxZqbEYe4BsR4JfLvIXUD1gi4G9UkoXho5T',NULL,'2019-10-03 18:51:01'),
(420,'App\\Models\\Post',41,'GtSUMc5tuAMqUMWfQGOkiP5D6mN0h1HCUpYNHCEigWgDZxxZqbEYe4BsR4JfLvIXUD1gi4G9UkoXho5T',NULL,'2019-10-03 18:53:24'),
(424,'App\\Models\\Blog',3,'5WQvkihEdHMSJVjRK74fJ6WnSDAugapNj4dqFwU0NNHsftGzAyfr7xQIh9AhATQ9xh8Ff6vLFby8LWak',NULL,'2019-10-03 18:54:31'),
(425,'App\\Models\\Blog',8,'5WQvkihEdHMSJVjRK74fJ6WnSDAugapNj4dqFwU0NNHsftGzAyfr7xQIh9AhATQ9xh8Ff6vLFby8LWak',NULL,'2019-10-03 18:54:37'),
(426,'App\\Models\\Blog',8,'5WQvkihEdHMSJVjRK74fJ6WnSDAugapNj4dqFwU0NNHsftGzAyfr7xQIh9AhATQ9xh8Ff6vLFby8LWak',NULL,'2019-10-03 18:54:52'),
(427,'App\\Models\\Post',90,'5WQvkihEdHMSJVjRK74fJ6WnSDAugapNj4dqFwU0NNHsftGzAyfr7xQIh9AhATQ9xh8Ff6vLFby8LWak',NULL,'2019-10-03 18:54:56'),
(429,'App\\Models\\Post',90,'5WQvkihEdHMSJVjRK74fJ6WnSDAugapNj4dqFwU0NNHsftGzAyfr7xQIh9AhATQ9xh8Ff6vLFby8LWak',NULL,'2019-10-03 18:57:04'),
(432,'App\\Models\\Post',39,'5WQvkihEdHMSJVjRK74fJ6WnSDAugapNj4dqFwU0NNHsftGzAyfr7xQIh9AhATQ9xh8Ff6vLFby8LWak',NULL,'2019-10-03 18:57:56'),
(433,'App\\Models\\Post',48,'GtSUMc5tuAMqUMWfQGOkiP5D6mN0h1HCUpYNHCEigWgDZxxZqbEYe4BsR4JfLvIXUD1gi4G9UkoXho5T',NULL,'2019-10-03 18:57:56'),
(435,'App\\Models\\Post',48,'GtSUMc5tuAMqUMWfQGOkiP5D6mN0h1HCUpYNHCEigWgDZxxZqbEYe4BsR4JfLvIXUD1gi4G9UkoXho5T',NULL,'2019-10-03 18:58:06'),
(436,'App\\Models\\Post',90,'5WQvkihEdHMSJVjRK74fJ6WnSDAugapNj4dqFwU0NNHsftGzAyfr7xQIh9AhATQ9xh8Ff6vLFby8LWak',NULL,'2019-10-03 18:58:10'),
(438,'App\\Models\\Post',89,'GtSUMc5tuAMqUMWfQGOkiP5D6mN0h1HCUpYNHCEigWgDZxxZqbEYe4BsR4JfLvIXUD1gi4G9UkoXho5T',NULL,'2019-10-03 18:58:24'),
(442,'App\\Models\\Post',48,'GtSUMc5tuAMqUMWfQGOkiP5D6mN0h1HCUpYNHCEigWgDZxxZqbEYe4BsR4JfLvIXUD1gi4G9UkoXho5T',NULL,'2019-10-03 18:58:48'),
(448,'App\\Models\\Blog',3,'5WQvkihEdHMSJVjRK74fJ6WnSDAugapNj4dqFwU0NNHsftGzAyfr7xQIh9AhATQ9xh8Ff6vLFby8LWak',NULL,'2019-10-03 19:00:26'),
(449,'App\\Models\\Blog',8,'5WQvkihEdHMSJVjRK74fJ6WnSDAugapNj4dqFwU0NNHsftGzAyfr7xQIh9AhATQ9xh8Ff6vLFby8LWak',NULL,'2019-10-03 19:00:34'),
(450,'App\\Models\\Blog',2,'5WQvkihEdHMSJVjRK74fJ6WnSDAugapNj4dqFwU0NNHsftGzAyfr7xQIh9AhATQ9xh8Ff6vLFby8LWak',NULL,'2019-10-03 19:00:45'),
(451,'App\\Models\\Blog',8,'5WQvkihEdHMSJVjRK74fJ6WnSDAugapNj4dqFwU0NNHsftGzAyfr7xQIh9AhATQ9xh8Ff6vLFby8LWak',NULL,'2019-10-03 19:00:48'),
(452,'App\\Models\\Blog',8,'5WQvkihEdHMSJVjRK74fJ6WnSDAugapNj4dqFwU0NNHsftGzAyfr7xQIh9AhATQ9xh8Ff6vLFby8LWak',NULL,'2019-10-03 19:00:52'),
(453,'App\\Models\\Blog',3,'5WQvkihEdHMSJVjRK74fJ6WnSDAugapNj4dqFwU0NNHsftGzAyfr7xQIh9AhATQ9xh8Ff6vLFby8LWak',NULL,'2019-10-03 19:01:15'),
(455,'App\\Models\\Blog',2,'5WQvkihEdHMSJVjRK74fJ6WnSDAugapNj4dqFwU0NNHsftGzAyfr7xQIh9AhATQ9xh8Ff6vLFby8LWak',NULL,'2019-10-03 19:01:44'),
(457,'App\\Models\\Blog',8,'5WQvkihEdHMSJVjRK74fJ6WnSDAugapNj4dqFwU0NNHsftGzAyfr7xQIh9AhATQ9xh8Ff6vLFby8LWak',NULL,'2019-10-03 19:01:51'),
(458,'App\\Models\\Blog',2,'5WQvkihEdHMSJVjRK74fJ6WnSDAugapNj4dqFwU0NNHsftGzAyfr7xQIh9AhATQ9xh8Ff6vLFby8LWak',NULL,'2019-10-03 19:01:54'),
(459,'App\\Models\\Post',48,'5WQvkihEdHMSJVjRK74fJ6WnSDAugapNj4dqFwU0NNHsftGzAyfr7xQIh9AhATQ9xh8Ff6vLFby8LWak',NULL,'2019-10-03 19:02:13'),
(461,'App\\Models\\Post',89,'5WQvkihEdHMSJVjRK74fJ6WnSDAugapNj4dqFwU0NNHsftGzAyfr7xQIh9AhATQ9xh8Ff6vLFby8LWak',NULL,'2019-10-03 19:03:02'),
(462,'App\\Models\\Post',90,'5WQvkihEdHMSJVjRK74fJ6WnSDAugapNj4dqFwU0NNHsftGzAyfr7xQIh9AhATQ9xh8Ff6vLFby8LWak',NULL,'2019-10-03 19:03:12'),
(463,'App\\Models\\Post',39,'5WQvkihEdHMSJVjRK74fJ6WnSDAugapNj4dqFwU0NNHsftGzAyfr7xQIh9AhATQ9xh8Ff6vLFby8LWak',NULL,'2019-10-03 19:07:57'),
(465,'App\\Models\\Post',90,'5WQvkihEdHMSJVjRK74fJ6WnSDAugapNj4dqFwU0NNHsftGzAyfr7xQIh9AhATQ9xh8Ff6vLFby8LWak',NULL,'2019-10-03 19:08:03'),
(467,'App\\Models\\Post',44,'5WQvkihEdHMSJVjRK74fJ6WnSDAugapNj4dqFwU0NNHsftGzAyfr7xQIh9AhATQ9xh8Ff6vLFby8LWak',NULL,'2019-10-03 19:08:10'),
(469,'App\\Models\\Post',42,'5WQvkihEdHMSJVjRK74fJ6WnSDAugapNj4dqFwU0NNHsftGzAyfr7xQIh9AhATQ9xh8Ff6vLFby8LWak',NULL,'2019-10-03 19:08:48'),
(471,'App\\Models\\Blog',2,'5WQvkihEdHMSJVjRK74fJ6WnSDAugapNj4dqFwU0NNHsftGzAyfr7xQIh9AhATQ9xh8Ff6vLFby8LWak',NULL,'2019-10-03 19:09:12'),
(473,'App\\Models\\Blog',8,'5WQvkihEdHMSJVjRK74fJ6WnSDAugapNj4dqFwU0NNHsftGzAyfr7xQIh9AhATQ9xh8Ff6vLFby8LWak',NULL,'2019-10-03 19:17:41'),
(477,'App\\Models\\Post',90,'GtSUMc5tuAMqUMWfQGOkiP5D6mN0h1HCUpYNHCEigWgDZxxZqbEYe4BsR4JfLvIXUD1gi4G9UkoXho5T',NULL,'2019-10-03 19:18:17'),
(480,'App\\Models\\Post',90,'GtSUMc5tuAMqUMWfQGOkiP5D6mN0h1HCUpYNHCEigWgDZxxZqbEYe4BsR4JfLvIXUD1gi4G9UkoXho5T',NULL,'2019-10-03 19:18:55'),
(482,'App\\Models\\Post',90,'5WQvkihEdHMSJVjRK74fJ6WnSDAugapNj4dqFwU0NNHsftGzAyfr7xQIh9AhATQ9xh8Ff6vLFby8LWak',NULL,'2019-10-03 19:19:17'),
(484,'App\\Models\\Post',90,'GtSUMc5tuAMqUMWfQGOkiP5D6mN0h1HCUpYNHCEigWgDZxxZqbEYe4BsR4JfLvIXUD1gi4G9UkoXho5T',NULL,'2019-10-03 19:19:39'),
(486,'App\\Models\\Post',48,'GtSUMc5tuAMqUMWfQGOkiP5D6mN0h1HCUpYNHCEigWgDZxxZqbEYe4BsR4JfLvIXUD1gi4G9UkoXho5T',NULL,'2019-10-03 19:19:55'),
(487,'App\\Models\\Post',42,'GtSUMc5tuAMqUMWfQGOkiP5D6mN0h1HCUpYNHCEigWgDZxxZqbEYe4BsR4JfLvIXUD1gi4G9UkoXho5T',NULL,'2019-10-03 19:20:56'),
(490,'App\\Models\\Post',49,'GtSUMc5tuAMqUMWfQGOkiP5D6mN0h1HCUpYNHCEigWgDZxxZqbEYe4BsR4JfLvIXUD1gi4G9UkoXho5T',NULL,'2019-10-03 19:21:13'),
(491,'App\\Models\\Post',89,'5WQvkihEdHMSJVjRK74fJ6WnSDAugapNj4dqFwU0NNHsftGzAyfr7xQIh9AhATQ9xh8Ff6vLFby8LWak',NULL,'2019-10-03 19:21:13'),
(492,'App\\Models\\Post',49,'5WQvkihEdHMSJVjRK74fJ6WnSDAugapNj4dqFwU0NNHsftGzAyfr7xQIh9AhATQ9xh8Ff6vLFby8LWak',NULL,'2019-10-03 19:21:23'),
(497,'App\\Models\\Post',49,'GtSUMc5tuAMqUMWfQGOkiP5D6mN0h1HCUpYNHCEigWgDZxxZqbEYe4BsR4JfLvIXUD1gi4G9UkoXho5T',NULL,'2019-10-03 19:22:56'),
(502,'App\\Models\\Post',89,'5WQvkihEdHMSJVjRK74fJ6WnSDAugapNj4dqFwU0NNHsftGzAyfr7xQIh9AhATQ9xh8Ff6vLFby8LWak',NULL,'2019-10-03 19:25:27'),
(505,'App\\Models\\Post',43,'5WQvkihEdHMSJVjRK74fJ6WnSDAugapNj4dqFwU0NNHsftGzAyfr7xQIh9AhATQ9xh8Ff6vLFby8LWak',NULL,'2019-10-03 19:25:35'),
(507,'App\\Models\\Post',45,'GtSUMc5tuAMqUMWfQGOkiP5D6mN0h1HCUpYNHCEigWgDZxxZqbEYe4BsR4JfLvIXUD1gi4G9UkoXho5T',NULL,'2019-10-03 19:25:56'),
(508,'App\\Models\\Post',90,'5WQvkihEdHMSJVjRK74fJ6WnSDAugapNj4dqFwU0NNHsftGzAyfr7xQIh9AhATQ9xh8Ff6vLFby8LWak',NULL,'2019-10-03 19:25:59'),
(512,'App\\Models\\Blog',16,'GtSUMc5tuAMqUMWfQGOkiP5D6mN0h1HCUpYNHCEigWgDZxxZqbEYe4BsR4JfLvIXUD1gi4G9UkoXho5T',NULL,'2019-10-03 19:26:31'),
(515,'App\\Models\\Post',46,'5WQvkihEdHMSJVjRK74fJ6WnSDAugapNj4dqFwU0NNHsftGzAyfr7xQIh9AhATQ9xh8Ff6vLFby8LWak',NULL,'2019-10-03 19:28:32'),
(516,'App\\Models\\Post',90,'5WQvkihEdHMSJVjRK74fJ6WnSDAugapNj4dqFwU0NNHsftGzAyfr7xQIh9AhATQ9xh8Ff6vLFby8LWak',NULL,'2019-10-03 19:28:40'),
(517,'App\\Models\\Post',42,'5WQvkihEdHMSJVjRK74fJ6WnSDAugapNj4dqFwU0NNHsftGzAyfr7xQIh9AhATQ9xh8Ff6vLFby8LWak',NULL,'2019-10-03 19:28:43'),
(519,'App\\Models\\Post',45,'5WQvkihEdHMSJVjRK74fJ6WnSDAugapNj4dqFwU0NNHsftGzAyfr7xQIh9AhATQ9xh8Ff6vLFby8LWak',NULL,'2019-10-03 19:29:27'),
(520,'App\\Models\\Blog',1,'5WQvkihEdHMSJVjRK74fJ6WnSDAugapNj4dqFwU0NNHsftGzAyfr7xQIh9AhATQ9xh8Ff6vLFby8LWak',NULL,'2019-10-03 19:29:54'),
(522,'App\\Models\\Blog',1,'5WQvkihEdHMSJVjRK74fJ6WnSDAugapNj4dqFwU0NNHsftGzAyfr7xQIh9AhATQ9xh8Ff6vLFby8LWak',NULL,'2019-10-03 19:30:06'),
(523,'App\\Models\\Blog',1,'5WQvkihEdHMSJVjRK74fJ6WnSDAugapNj4dqFwU0NNHsftGzAyfr7xQIh9AhATQ9xh8Ff6vLFby8LWak',NULL,'2019-10-03 19:30:12'),
(524,'App\\Models\\Blog',1,'5WQvkihEdHMSJVjRK74fJ6WnSDAugapNj4dqFwU0NNHsftGzAyfr7xQIh9AhATQ9xh8Ff6vLFby8LWak',NULL,'2019-10-03 19:30:21'),
(525,'App\\Models\\Blog',1,'5WQvkihEdHMSJVjRK74fJ6WnSDAugapNj4dqFwU0NNHsftGzAyfr7xQIh9AhATQ9xh8Ff6vLFby8LWak',NULL,'2019-10-03 19:30:23'),
(526,'App\\Models\\Blog',1,'5WQvkihEdHMSJVjRK74fJ6WnSDAugapNj4dqFwU0NNHsftGzAyfr7xQIh9AhATQ9xh8Ff6vLFby8LWak',NULL,'2019-10-03 19:30:26'),
(527,'App\\Models\\Blog',1,'5WQvkihEdHMSJVjRK74fJ6WnSDAugapNj4dqFwU0NNHsftGzAyfr7xQIh9AhATQ9xh8Ff6vLFby8LWak',NULL,'2019-10-03 19:30:27'),
(529,'App\\Models\\Blog',1,'5WQvkihEdHMSJVjRK74fJ6WnSDAugapNj4dqFwU0NNHsftGzAyfr7xQIh9AhATQ9xh8Ff6vLFby8LWak',NULL,'2019-10-03 19:30:40'),
(530,'App\\Models\\Blog',1,'5WQvkihEdHMSJVjRK74fJ6WnSDAugapNj4dqFwU0NNHsftGzAyfr7xQIh9AhATQ9xh8Ff6vLFby8LWak',NULL,'2019-10-03 19:30:48'),
(531,'App\\Models\\Blog',1,'5WQvkihEdHMSJVjRK74fJ6WnSDAugapNj4dqFwU0NNHsftGzAyfr7xQIh9AhATQ9xh8Ff6vLFby8LWak',NULL,'2019-10-03 19:30:51'),
(532,'App\\Models\\Blog',1,'5WQvkihEdHMSJVjRK74fJ6WnSDAugapNj4dqFwU0NNHsftGzAyfr7xQIh9AhATQ9xh8Ff6vLFby8LWak',NULL,'2019-10-03 19:30:58'),
(533,'App\\Models\\Post',42,'5WQvkihEdHMSJVjRK74fJ6WnSDAugapNj4dqFwU0NNHsftGzAyfr7xQIh9AhATQ9xh8Ff6vLFby8LWak',NULL,'2019-10-03 19:31:47'),
(534,'App\\Models\\Blog',8,'5WQvkihEdHMSJVjRK74fJ6WnSDAugapNj4dqFwU0NNHsftGzAyfr7xQIh9AhATQ9xh8Ff6vLFby8LWak',NULL,'2019-10-03 19:33:43'),
(535,'App\\Models\\Blog',2,'5WQvkihEdHMSJVjRK74fJ6WnSDAugapNj4dqFwU0NNHsftGzAyfr7xQIh9AhATQ9xh8Ff6vLFby8LWak',NULL,'2019-10-03 19:34:04'),
(536,'App\\Models\\Blog',3,'5WQvkihEdHMSJVjRK74fJ6WnSDAugapNj4dqFwU0NNHsftGzAyfr7xQIh9AhATQ9xh8Ff6vLFby8LWak',NULL,'2019-10-03 19:34:13'),
(537,'App\\Models\\Blog',3,'5WQvkihEdHMSJVjRK74fJ6WnSDAugapNj4dqFwU0NNHsftGzAyfr7xQIh9AhATQ9xh8Ff6vLFby8LWak',NULL,'2019-10-03 19:34:22'),
(538,'App\\Models\\Blog',2,'5WQvkihEdHMSJVjRK74fJ6WnSDAugapNj4dqFwU0NNHsftGzAyfr7xQIh9AhATQ9xh8Ff6vLFby8LWak',NULL,'2019-10-03 19:37:12'),
(539,'App\\Models\\Post',90,'5WQvkihEdHMSJVjRK74fJ6WnSDAugapNj4dqFwU0NNHsftGzAyfr7xQIh9AhATQ9xh8Ff6vLFby8LWak',NULL,'2019-10-03 19:37:24'),
(540,'App\\Models\\Post',89,'qQVPVHPPybFAfNHlXE6QPgmk67YVfpWZxkxuTfToW1YT8xlh4AL7dabgeElICnS7WYRfVVuSLR0epCwI',NULL,'2019-10-04 04:01:37'),
(541,'App\\Models\\Post',43,'qQVPVHPPybFAfNHlXE6QPgmk67YVfpWZxkxuTfToW1YT8xlh4AL7dabgeElICnS7WYRfVVuSLR0epCwI',NULL,'2019-10-04 04:01:43'),
(542,'App\\Models\\Post',90,'qQVPVHPPybFAfNHlXE6QPgmk67YVfpWZxkxuTfToW1YT8xlh4AL7dabgeElICnS7WYRfVVuSLR0epCwI',NULL,'2019-10-04 04:01:50'),
(543,'App\\Models\\Post',90,'ETiJ5ByLVR7uNXhOmVB9x0DyKPAIT7hDgJwXvaJw7bPpzJbGNyuHjpGmc5aN7uzefNUCn6ibx5z2DSLC',NULL,'2019-10-04 04:04:27'),
(545,'App\\Models\\Post',39,'ETiJ5ByLVR7uNXhOmVB9x0DyKPAIT7hDgJwXvaJw7bPpzJbGNyuHjpGmc5aN7uzefNUCn6ibx5z2DSLC',NULL,'2019-10-04 04:04:33'),
(546,'App\\Models\\Post',41,'ETiJ5ByLVR7uNXhOmVB9x0DyKPAIT7hDgJwXvaJw7bPpzJbGNyuHjpGmc5aN7uzefNUCn6ibx5z2DSLC',NULL,'2019-10-04 04:04:36'),
(547,'App\\Models\\Post',48,'ETiJ5ByLVR7uNXhOmVB9x0DyKPAIT7hDgJwXvaJw7bPpzJbGNyuHjpGmc5aN7uzefNUCn6ibx5z2DSLC',NULL,'2019-10-04 04:04:39'),
(548,'App\\Models\\Post',90,'ETiJ5ByLVR7uNXhOmVB9x0DyKPAIT7hDgJwXvaJw7bPpzJbGNyuHjpGmc5aN7uzefNUCn6ibx5z2DSLC',NULL,'2019-10-04 04:04:52'),
(549,'App\\Models\\Post',39,'ETiJ5ByLVR7uNXhOmVB9x0DyKPAIT7hDgJwXvaJw7bPpzJbGNyuHjpGmc5aN7uzefNUCn6ibx5z2DSLC',NULL,'2019-10-04 04:04:56'),
(550,'App\\Models\\Post',89,'ULlRPLxhfc4SVKZniuXbQ6ZTl9ROwDOsYxOPgABaadK3C6rszSpm42YyBr3g7jMBlKetOPcttfmPAaao',NULL,'2019-10-04 04:07:51'),
(551,'App\\Models\\Post',90,'2Xx93JDBb8GycC7pjPjyq0Lb34IVU6GiQnC488scdYIINRzp2zNJ0DwmAksASfPTyG98mebAAhzyCsfH',NULL,'2019-10-04 04:08:19'),
(552,'App\\Models\\Post',90,'2Xx93JDBb8GycC7pjPjyq0Lb34IVU6GiQnC488scdYIINRzp2zNJ0DwmAksASfPTyG98mebAAhzyCsfH',NULL,'2019-10-04 04:08:23'),
(553,'App\\Models\\Post',48,'2Xx93JDBb8GycC7pjPjyq0Lb34IVU6GiQnC488scdYIINRzp2zNJ0DwmAksASfPTyG98mebAAhzyCsfH',NULL,'2019-10-04 04:08:39'),
(554,'App\\Models\\Post',90,'ULlRPLxhfc4SVKZniuXbQ6ZTl9ROwDOsYxOPgABaadK3C6rszSpm42YyBr3g7jMBlKetOPcttfmPAaao',NULL,'2019-10-04 04:11:04'),
(555,'App\\Models\\Post',90,'5WQvkihEdHMSJVjRK74fJ6WnSDAugapNj4dqFwU0NNHsftGzAyfr7xQIh9AhATQ9xh8Ff6vLFby8LWak',NULL,'2019-10-04 04:12:43'),
(556,'App\\Models\\Post',89,'5WQvkihEdHMSJVjRK74fJ6WnSDAugapNj4dqFwU0NNHsftGzAyfr7xQIh9AhATQ9xh8Ff6vLFby8LWak',NULL,'2019-10-04 04:12:47'),
(557,'App\\Models\\Blog',8,'5WQvkihEdHMSJVjRK74fJ6WnSDAugapNj4dqFwU0NNHsftGzAyfr7xQIh9AhATQ9xh8Ff6vLFby8LWak',NULL,'2019-10-04 04:13:11'),
(558,'App\\Models\\Blog',2,'5WQvkihEdHMSJVjRK74fJ6WnSDAugapNj4dqFwU0NNHsftGzAyfr7xQIh9AhATQ9xh8Ff6vLFby8LWak',NULL,'2019-10-04 04:13:16'),
(559,'App\\Models\\Blog',3,'5WQvkihEdHMSJVjRK74fJ6WnSDAugapNj4dqFwU0NNHsftGzAyfr7xQIh9AhATQ9xh8Ff6vLFby8LWak',NULL,'2019-10-04 04:13:17'),
(560,'App\\Models\\Blog',2,'5WQvkihEdHMSJVjRK74fJ6WnSDAugapNj4dqFwU0NNHsftGzAyfr7xQIh9AhATQ9xh8Ff6vLFby8LWak',NULL,'2019-10-04 04:13:20'),
(561,'App\\Models\\Post',39,'ULlRPLxhfc4SVKZniuXbQ6ZTl9ROwDOsYxOPgABaadK3C6rszSpm42YyBr3g7jMBlKetOPcttfmPAaao',NULL,'2019-10-04 04:13:28'),
(562,'App\\Models\\Post',45,'ULlRPLxhfc4SVKZniuXbQ6ZTl9ROwDOsYxOPgABaadK3C6rszSpm42YyBr3g7jMBlKetOPcttfmPAaao',NULL,'2019-10-04 04:13:35'),
(563,'App\\Models\\Post',90,'ETiJ5ByLVR7uNXhOmVB9x0DyKPAIT7hDgJwXvaJw7bPpzJbGNyuHjpGmc5aN7uzefNUCn6ibx5z2DSLC',NULL,'2019-10-04 04:13:42'),
(564,'App\\Models\\Post',44,'ETiJ5ByLVR7uNXhOmVB9x0DyKPAIT7hDgJwXvaJw7bPpzJbGNyuHjpGmc5aN7uzefNUCn6ibx5z2DSLC',NULL,'2019-10-04 04:13:47'),
(565,'App\\Models\\Post',89,'ULlRPLxhfc4SVKZniuXbQ6ZTl9ROwDOsYxOPgABaadK3C6rszSpm42YyBr3g7jMBlKetOPcttfmPAaao',NULL,'2019-10-04 04:15:12'),
(566,'App\\Models\\Post',45,'ULlRPLxhfc4SVKZniuXbQ6ZTl9ROwDOsYxOPgABaadK3C6rszSpm42YyBr3g7jMBlKetOPcttfmPAaao',NULL,'2019-10-04 04:15:20'),
(567,'App\\Models\\Post',45,'ULlRPLxhfc4SVKZniuXbQ6ZTl9ROwDOsYxOPgABaadK3C6rszSpm42YyBr3g7jMBlKetOPcttfmPAaao',NULL,'2019-10-04 04:15:45'),
(568,'App\\Models\\Post',90,'MnxckwPla9LeZCMjL1S6wPXIpwguqYjGegHMlmGLSqtCt5dTCqAoZWxdTcF9bMSIIT0h37be4purS53e',NULL,'2019-10-04 04:23:01'),
(569,'App\\Models\\Post',90,'hVM4yNfhTqnXZlEtAMxeO45XjxCV9hKAZ281fCF72XEDkcMjaC4oarKyR1FJSVhh8XyoZ5mC9djFcSMO',NULL,'2019-10-04 04:24:31'),
(571,'App\\Models\\Post',39,'GtSUMc5tuAMqUMWfQGOkiP5D6mN0h1HCUpYNHCEigWgDZxxZqbEYe4BsR4JfLvIXUD1gi4G9UkoXho5T',NULL,'2019-10-04 04:26:07'),
(572,'App\\Models\\Post',89,'GtSUMc5tuAMqUMWfQGOkiP5D6mN0h1HCUpYNHCEigWgDZxxZqbEYe4BsR4JfLvIXUD1gi4G9UkoXho5T',NULL,'2019-10-04 04:26:12'),
(573,'App\\Models\\Post',89,'aXFFB4bFuixsCQYouWfS1BBOmYvrhuVPmYUrvotLie3uLZ4vySI1BwuGQZTcfm4rEfsjnnmr2QP6eFZ1',NULL,'2019-10-04 04:27:17'),
(575,'App\\Models\\Post',45,'ULlRPLxhfc4SVKZniuXbQ6ZTl9ROwDOsYxOPgABaadK3C6rszSpm42YyBr3g7jMBlKetOPcttfmPAaao',NULL,'2019-10-04 04:30:41'),
(579,'App\\Models\\Post',48,'ULlRPLxhfc4SVKZniuXbQ6ZTl9ROwDOsYxOPgABaadK3C6rszSpm42YyBr3g7jMBlKetOPcttfmPAaao',NULL,'2019-10-04 04:54:29'),
(580,'App\\Models\\Post',48,'ULlRPLxhfc4SVKZniuXbQ6ZTl9ROwDOsYxOPgABaadK3C6rszSpm42YyBr3g7jMBlKetOPcttfmPAaao',NULL,'2019-10-04 04:54:56'),
(581,'App\\Models\\Post',45,'ULlRPLxhfc4SVKZniuXbQ6ZTl9ROwDOsYxOPgABaadK3C6rszSpm42YyBr3g7jMBlKetOPcttfmPAaao',NULL,'2019-10-04 04:55:00'),
(582,'App\\Models\\Post',45,'ULlRPLxhfc4SVKZniuXbQ6ZTl9ROwDOsYxOPgABaadK3C6rszSpm42YyBr3g7jMBlKetOPcttfmPAaao',NULL,'2019-10-04 04:55:13'),
(583,'App\\Models\\Post',89,'ULlRPLxhfc4SVKZniuXbQ6ZTl9ROwDOsYxOPgABaadK3C6rszSpm42YyBr3g7jMBlKetOPcttfmPAaao',NULL,'2019-10-04 05:00:04'),
(584,'App\\Models\\Post',97,'ULlRPLxhfc4SVKZniuXbQ6ZTl9ROwDOsYxOPgABaadK3C6rszSpm42YyBr3g7jMBlKetOPcttfmPAaao',NULL,'2019-10-04 05:08:36'),
(586,'App\\Models\\Post',97,'ULlRPLxhfc4SVKZniuXbQ6ZTl9ROwDOsYxOPgABaadK3C6rszSpm42YyBr3g7jMBlKetOPcttfmPAaao',NULL,'2019-10-04 05:08:44'),
(588,'App\\Models\\Post',97,'ULlRPLxhfc4SVKZniuXbQ6ZTl9ROwDOsYxOPgABaadK3C6rszSpm42YyBr3g7jMBlKetOPcttfmPAaao',NULL,'2019-10-04 05:11:02'),
(589,'App\\Models\\Post',49,'ULlRPLxhfc4SVKZniuXbQ6ZTl9ROwDOsYxOPgABaadK3C6rszSpm42YyBr3g7jMBlKetOPcttfmPAaao',NULL,'2019-10-04 05:12:38'),
(590,'App\\Models\\Blog',29,'2bwJGfNSeb7LUaF1fzDvakpKPGdrxKGP6oibiunHAZEY1IBqVGkQ7q2EMtr6VB9CxU9GyRZ0vFegF3dA',NULL,'2019-10-04 05:18:31'),
(593,'App\\Models\\Blog',2,'jtZunLtQYWCAzhDGDos9sA38Op3NVj8mNNnwtnjLd7CF4Q1PPuZMLf0sPpShSfvNs2tYbpNuVFJt1ECN',NULL,'2019-10-04 05:22:17'),
(594,'App\\Models\\Blog',8,'jtZunLtQYWCAzhDGDos9sA38Op3NVj8mNNnwtnjLd7CF4Q1PPuZMLf0sPpShSfvNs2tYbpNuVFJt1ECN',NULL,'2019-10-04 05:22:20'),
(596,'App\\Models\\Blog',16,'ULlRPLxhfc4SVKZniuXbQ6ZTl9ROwDOsYxOPgABaadK3C6rszSpm42YyBr3g7jMBlKetOPcttfmPAaao',NULL,'2019-10-04 05:29:22'),
(602,'App\\Models\\Blog',16,'ULlRPLxhfc4SVKZniuXbQ6ZTl9ROwDOsYxOPgABaadK3C6rszSpm42YyBr3g7jMBlKetOPcttfmPAaao',NULL,'2019-10-04 05:29:56'),
(619,'App\\Models\\Blog',2,'aXFFB4bFuixsCQYouWfS1BBOmYvrhuVPmYUrvotLie3uLZ4vySI1BwuGQZTcfm4rEfsjnnmr2QP6eFZ1',NULL,'2019-10-04 07:19:14'),
(620,'App\\Models\\Blog',3,'aXFFB4bFuixsCQYouWfS1BBOmYvrhuVPmYUrvotLie3uLZ4vySI1BwuGQZTcfm4rEfsjnnmr2QP6eFZ1',NULL,'2019-10-04 07:19:18'),
(621,'App\\Models\\Blog',8,'aXFFB4bFuixsCQYouWfS1BBOmYvrhuVPmYUrvotLie3uLZ4vySI1BwuGQZTcfm4rEfsjnnmr2QP6eFZ1',NULL,'2019-10-04 07:19:24'),
(622,'App\\Models\\Blog',2,'aXFFB4bFuixsCQYouWfS1BBOmYvrhuVPmYUrvotLie3uLZ4vySI1BwuGQZTcfm4rEfsjnnmr2QP6eFZ1',NULL,'2019-10-04 07:19:26'),
(624,'App\\Models\\Post',97,'aXFFB4bFuixsCQYouWfS1BBOmYvrhuVPmYUrvotLie3uLZ4vySI1BwuGQZTcfm4rEfsjnnmr2QP6eFZ1',NULL,'2019-10-04 07:21:50'),
(630,'App\\Models\\Post',90,'GtSUMc5tuAMqUMWfQGOkiP5D6mN0h1HCUpYNHCEigWgDZxxZqbEYe4BsR4JfLvIXUD1gi4G9UkoXho5T',NULL,'2019-10-04 07:28:08'),
(631,'App\\Models\\Post',90,'aXFFB4bFuixsCQYouWfS1BBOmYvrhuVPmYUrvotLie3uLZ4vySI1BwuGQZTcfm4rEfsjnnmr2QP6eFZ1',NULL,'2019-10-04 07:30:06'),
(632,'App\\Models\\Post',97,'aXFFB4bFuixsCQYouWfS1BBOmYvrhuVPmYUrvotLie3uLZ4vySI1BwuGQZTcfm4rEfsjnnmr2QP6eFZ1',NULL,'2019-10-04 07:30:25'),
(634,'App\\Models\\Blog',8,'aXFFB4bFuixsCQYouWfS1BBOmYvrhuVPmYUrvotLie3uLZ4vySI1BwuGQZTcfm4rEfsjnnmr2QP6eFZ1',NULL,'2019-10-04 07:32:08'),
(636,'App\\Models\\Post',90,'ETiJ5ByLVR7uNXhOmVB9x0DyKPAIT7hDgJwXvaJw7bPpzJbGNyuHjpGmc5aN7uzefNUCn6ibx5z2DSLC',NULL,'2019-10-04 08:24:42'),
(637,'App\\Models\\Post',41,'ETiJ5ByLVR7uNXhOmVB9x0DyKPAIT7hDgJwXvaJw7bPpzJbGNyuHjpGmc5aN7uzefNUCn6ibx5z2DSLC',NULL,'2019-10-04 08:24:45'),
(638,'App\\Models\\Post',48,'ETiJ5ByLVR7uNXhOmVB9x0DyKPAIT7hDgJwXvaJw7bPpzJbGNyuHjpGmc5aN7uzefNUCn6ibx5z2DSLC',NULL,'2019-10-04 08:24:48'),
(639,'App\\Models\\Post',97,'ETiJ5ByLVR7uNXhOmVB9x0DyKPAIT7hDgJwXvaJw7bPpzJbGNyuHjpGmc5aN7uzefNUCn6ibx5z2DSLC',NULL,'2019-10-04 08:24:51'),
(640,'App\\Models\\Post',43,'ETiJ5ByLVR7uNXhOmVB9x0DyKPAIT7hDgJwXvaJw7bPpzJbGNyuHjpGmc5aN7uzefNUCn6ibx5z2DSLC',NULL,'2019-10-04 08:24:54'),
(641,'App\\Models\\Post',49,'ETiJ5ByLVR7uNXhOmVB9x0DyKPAIT7hDgJwXvaJw7bPpzJbGNyuHjpGmc5aN7uzefNUCn6ibx5z2DSLC',NULL,'2019-10-04 08:24:58'),
(642,'App\\Models\\Post',45,'ETiJ5ByLVR7uNXhOmVB9x0DyKPAIT7hDgJwXvaJw7bPpzJbGNyuHjpGmc5aN7uzefNUCn6ibx5z2DSLC',NULL,'2019-10-04 08:25:07'),
(643,'App\\Models\\Post',45,'hVM4yNfhTqnXZlEtAMxeO45XjxCV9hKAZ281fCF72XEDkcMjaC4oarKyR1FJSVhh8XyoZ5mC9djFcSMO',NULL,'2019-10-04 08:25:13'),
(644,'App\\Models\\Blog',3,'hVM4yNfhTqnXZlEtAMxeO45XjxCV9hKAZ281fCF72XEDkcMjaC4oarKyR1FJSVhh8XyoZ5mC9djFcSMO',NULL,'2019-10-04 08:25:36'),
(646,'App\\Models\\Post',97,'aXFFB4bFuixsCQYouWfS1BBOmYvrhuVPmYUrvotLie3uLZ4vySI1BwuGQZTcfm4rEfsjnnmr2QP6eFZ1',NULL,'2019-10-04 14:25:01'),
(647,'App\\Models\\Post',89,'aXFFB4bFuixsCQYouWfS1BBOmYvrhuVPmYUrvotLie3uLZ4vySI1BwuGQZTcfm4rEfsjnnmr2QP6eFZ1',NULL,'2019-10-04 14:25:19'),
(648,'App\\Models\\Post',48,'kBL3kvtIwn5RtoXTzGyi3nUNzbUWKg4dXsil1ZX3UpRj6JKU78lWzllfdVph6wbkl8tYCfXEHE34DZ9M',NULL,'2019-10-05 19:30:08'),
(649,'App\\Models\\Post',48,'kBL3kvtIwn5RtoXTzGyi3nUNzbUWKg4dXsil1ZX3UpRj6JKU78lWzllfdVph6wbkl8tYCfXEHE34DZ9M',NULL,'2019-10-05 19:30:22'),
(650,'App\\Models\\Blog',8,'kBL3kvtIwn5RtoXTzGyi3nUNzbUWKg4dXsil1ZX3UpRj6JKU78lWzllfdVph6wbkl8tYCfXEHE34DZ9M',NULL,'2019-10-05 19:31:24'),
(651,'App\\Models\\Blog',17,'kBL3kvtIwn5RtoXTzGyi3nUNzbUWKg4dXsil1ZX3UpRj6JKU78lWzllfdVph6wbkl8tYCfXEHE34DZ9M',NULL,'2019-10-05 19:32:04'),
(654,'App\\Models\\Blog',2,'kBL3kvtIwn5RtoXTzGyi3nUNzbUWKg4dXsil1ZX3UpRj6JKU78lWzllfdVph6wbkl8tYCfXEHE34DZ9M',NULL,'2019-10-05 19:32:26'),
(655,'App\\Models\\Post',97,'PvCBPYfqvs26AatiaAc5kB6DJC4uGXY1dVg1jY9cq8XaIBsOl59GK0d9sg3lxqoMRHXIZ5h9adJxjFln',NULL,'2019-10-05 19:32:35'),
(656,'App\\Models\\Post',89,'PvCBPYfqvs26AatiaAc5kB6DJC4uGXY1dVg1jY9cq8XaIBsOl59GK0d9sg3lxqoMRHXIZ5h9adJxjFln',NULL,'2019-10-05 19:32:46'),
(657,'App\\Models\\Post',89,'PvCBPYfqvs26AatiaAc5kB6DJC4uGXY1dVg1jY9cq8XaIBsOl59GK0d9sg3lxqoMRHXIZ5h9adJxjFln',NULL,'2019-10-05 19:33:36'),
(658,'App\\Models\\Blog',3,'PvCBPYfqvs26AatiaAc5kB6DJC4uGXY1dVg1jY9cq8XaIBsOl59GK0d9sg3lxqoMRHXIZ5h9adJxjFln',NULL,'2019-10-05 19:33:48'),
(659,'App\\Models\\Blog',3,'PvCBPYfqvs26AatiaAc5kB6DJC4uGXY1dVg1jY9cq8XaIBsOl59GK0d9sg3lxqoMRHXIZ5h9adJxjFln',NULL,'2019-10-05 19:33:58'),
(662,'App\\Models\\Blog',2,'PvCBPYfqvs26AatiaAc5kB6DJC4uGXY1dVg1jY9cq8XaIBsOl59GK0d9sg3lxqoMRHXIZ5h9adJxjFln',NULL,'2019-10-05 19:34:29'),
(663,'App\\Models\\Blog',2,'PvCBPYfqvs26AatiaAc5kB6DJC4uGXY1dVg1jY9cq8XaIBsOl59GK0d9sg3lxqoMRHXIZ5h9adJxjFln',NULL,'2019-10-05 19:34:40'),
(664,'App\\Models\\Blog',3,'kBL3kvtIwn5RtoXTzGyi3nUNzbUWKg4dXsil1ZX3UpRj6JKU78lWzllfdVph6wbkl8tYCfXEHE34DZ9M',NULL,'2019-10-05 19:43:20'),
(665,'App\\Models\\Post',41,'kBL3kvtIwn5RtoXTzGyi3nUNzbUWKg4dXsil1ZX3UpRj6JKU78lWzllfdVph6wbkl8tYCfXEHE34DZ9M',NULL,'2019-10-05 19:43:29'),
(666,'App\\Models\\Post',89,'kBL3kvtIwn5RtoXTzGyi3nUNzbUWKg4dXsil1ZX3UpRj6JKU78lWzllfdVph6wbkl8tYCfXEHE34DZ9M',NULL,'2019-10-05 19:43:34'),
(669,'App\\Models\\Post',89,'aXFFB4bFuixsCQYouWfS1BBOmYvrhuVPmYUrvotLie3uLZ4vySI1BwuGQZTcfm4rEfsjnnmr2QP6eFZ1',NULL,'2019-10-06 02:50:31'),
(670,'App\\Models\\Post',46,'aXFFB4bFuixsCQYouWfS1BBOmYvrhuVPmYUrvotLie3uLZ4vySI1BwuGQZTcfm4rEfsjnnmr2QP6eFZ1',NULL,'2019-10-06 02:51:25'),
(671,'App\\Models\\Post',90,'MnxckwPla9LeZCMjL1S6wPXIpwguqYjGegHMlmGLSqtCt5dTCqAoZWxdTcF9bMSIIT0h37be4purS53e',NULL,'2019-10-07 05:22:25'),
(672,'App\\Models\\Post',90,'MnxckwPla9LeZCMjL1S6wPXIpwguqYjGegHMlmGLSqtCt5dTCqAoZWxdTcF9bMSIIT0h37be4purS53e',NULL,'2019-10-07 05:22:53'),
(673,'App\\Models\\Post',89,'psmBjw9EgHgndDZ8X7wC5CxIdliQZwpEh7DfZdDe1lGXnhlYPt6Wamxb78WQD9yWuRqPEuZrvOZJiX8g',NULL,'2019-10-07 05:24:46'),
(674,'App\\Models\\Post',97,'r4v7QNTE7Skhkg6KMJoE17gd5E4BPg9eROfhJld6IkMyPhfizgvq51LGd4YGXLwqs2Mc9nVy3yWnmRVL',NULL,'2019-10-07 05:25:06'),
(676,'App\\Models\\Post',39,'MQ7mBNgDXN9yQUuj5flaAJSATiDXroChqdk73VKIhxFtmU6aDCaZObu8uXgfaSZVmXqIdKT3cDOqDkeL',NULL,'2019-10-07 05:25:37'),
(677,'App\\Models\\Post',90,'MQ7mBNgDXN9yQUuj5flaAJSATiDXroChqdk73VKIhxFtmU6aDCaZObu8uXgfaSZVmXqIdKT3cDOqDkeL',NULL,'2019-10-07 05:26:36'),
(678,'App\\Models\\Post',98,'psmBjw9EgHgndDZ8X7wC5CxIdliQZwpEh7DfZdDe1lGXnhlYPt6Wamxb78WQD9yWuRqPEuZrvOZJiX8g',NULL,'2019-10-07 05:26:37'),
(680,'App\\Models\\Post',98,'MQ7mBNgDXN9yQUuj5flaAJSATiDXroChqdk73VKIhxFtmU6aDCaZObu8uXgfaSZVmXqIdKT3cDOqDkeL',NULL,'2019-10-07 05:26:41'),
(685,'App\\Models\\Post',90,'MQ7mBNgDXN9yQUuj5flaAJSATiDXroChqdk73VKIhxFtmU6aDCaZObu8uXgfaSZVmXqIdKT3cDOqDkeL',NULL,'2019-10-07 05:27:47'),
(686,'App\\Models\\Post',102,'r4v7QNTE7Skhkg6KMJoE17gd5E4BPg9eROfhJld6IkMyPhfizgvq51LGd4YGXLwqs2Mc9nVy3yWnmRVL',NULL,'2019-10-07 05:27:54'),
(687,'App\\Models\\Post',97,'MQ7mBNgDXN9yQUuj5flaAJSATiDXroChqdk73VKIhxFtmU6aDCaZObu8uXgfaSZVmXqIdKT3cDOqDkeL',NULL,'2019-10-07 05:27:59'),
(688,'App\\Models\\Post',101,'MQ7mBNgDXN9yQUuj5flaAJSATiDXroChqdk73VKIhxFtmU6aDCaZObu8uXgfaSZVmXqIdKT3cDOqDkeL',NULL,'2019-10-07 05:28:13'),
(689,'App\\Models\\Post',102,'r4v7QNTE7Skhkg6KMJoE17gd5E4BPg9eROfhJld6IkMyPhfizgvq51LGd4YGXLwqs2Mc9nVy3yWnmRVL',NULL,'2019-10-07 05:28:24'),
(690,'App\\Models\\Post',103,'r4v7QNTE7Skhkg6KMJoE17gd5E4BPg9eROfhJld6IkMyPhfizgvq51LGd4YGXLwqs2Mc9nVy3yWnmRVL',NULL,'2019-10-07 05:29:33'),
(692,'App\\Models\\Blog',3,'psmBjw9EgHgndDZ8X7wC5CxIdliQZwpEh7DfZdDe1lGXnhlYPt6Wamxb78WQD9yWuRqPEuZrvOZJiX8g',NULL,'2019-10-07 05:29:48'),
(693,'App\\Models\\Blog',8,'psmBjw9EgHgndDZ8X7wC5CxIdliQZwpEh7DfZdDe1lGXnhlYPt6Wamxb78WQD9yWuRqPEuZrvOZJiX8g',NULL,'2019-10-07 05:30:13'),
(694,'App\\Models\\Blog',8,'psmBjw9EgHgndDZ8X7wC5CxIdliQZwpEh7DfZdDe1lGXnhlYPt6Wamxb78WQD9yWuRqPEuZrvOZJiX8g',NULL,'2019-10-07 05:30:23'),
(696,'App\\Models\\Blog',2,'psmBjw9EgHgndDZ8X7wC5CxIdliQZwpEh7DfZdDe1lGXnhlYPt6Wamxb78WQD9yWuRqPEuZrvOZJiX8g',NULL,'2019-10-07 05:30:33'),
(697,'App\\Models\\Blog',3,'psmBjw9EgHgndDZ8X7wC5CxIdliQZwpEh7DfZdDe1lGXnhlYPt6Wamxb78WQD9yWuRqPEuZrvOZJiX8g',NULL,'2019-10-07 05:30:49'),
(699,'App\\Models\\Blog',37,'psmBjw9EgHgndDZ8X7wC5CxIdliQZwpEh7DfZdDe1lGXnhlYPt6Wamxb78WQD9yWuRqPEuZrvOZJiX8g',NULL,'2019-10-07 05:31:09'),
(704,'App\\Models\\Blog',37,'psmBjw9EgHgndDZ8X7wC5CxIdliQZwpEh7DfZdDe1lGXnhlYPt6Wamxb78WQD9yWuRqPEuZrvOZJiX8g',NULL,'2019-10-07 05:31:57'),
(707,'App\\Models\\Blog',17,'psmBjw9EgHgndDZ8X7wC5CxIdliQZwpEh7DfZdDe1lGXnhlYPt6Wamxb78WQD9yWuRqPEuZrvOZJiX8g',NULL,'2019-10-07 05:32:42'),
(708,'App\\Models\\Blog',38,'MnxckwPla9LeZCMjL1S6wPXIpwguqYjGegHMlmGLSqtCt5dTCqAoZWxdTcF9bMSIIT0h37be4purS53e',NULL,'2019-10-07 05:32:42'),
(710,'App\\Models\\Blog',38,'psmBjw9EgHgndDZ8X7wC5CxIdliQZwpEh7DfZdDe1lGXnhlYPt6Wamxb78WQD9yWuRqPEuZrvOZJiX8g',NULL,'2019-10-07 05:32:54'),
(715,'App\\Models\\Blog',38,'r4v7QNTE7Skhkg6KMJoE17gd5E4BPg9eROfhJld6IkMyPhfizgvq51LGd4YGXLwqs2Mc9nVy3yWnmRVL',NULL,'2019-10-07 05:34:04'),
(717,'App\\Models\\Blog',38,'r4v7QNTE7Skhkg6KMJoE17gd5E4BPg9eROfhJld6IkMyPhfizgvq51LGd4YGXLwqs2Mc9nVy3yWnmRVL',NULL,'2019-10-07 05:34:23'),
(718,'App\\Models\\Blog',8,'mBOyo8HmCkjdAklCQc3vPh0cJfyEsENcIGiVTSdHsUGZ5dBMI1KvqwaliumfjhowSg1igk9KAeqQr0IY',NULL,'2019-10-07 05:34:34'),
(719,'App\\Models\\Blog',3,'psmBjw9EgHgndDZ8X7wC5CxIdliQZwpEh7DfZdDe1lGXnhlYPt6Wamxb78WQD9yWuRqPEuZrvOZJiX8g',NULL,'2019-10-07 05:35:27'),
(721,'App\\Models\\Post',42,'psmBjw9EgHgndDZ8X7wC5CxIdliQZwpEh7DfZdDe1lGXnhlYPt6Wamxb78WQD9yWuRqPEuZrvOZJiX8g',NULL,'2019-10-07 05:35:54'),
(722,'App\\Models\\Post',103,'psmBjw9EgHgndDZ8X7wC5CxIdliQZwpEh7DfZdDe1lGXnhlYPt6Wamxb78WQD9yWuRqPEuZrvOZJiX8g',NULL,'2019-10-07 05:35:56'),
(724,'App\\Models\\Post',102,'r4v7QNTE7Skhkg6KMJoE17gd5E4BPg9eROfhJld6IkMyPhfizgvq51LGd4YGXLwqs2Mc9nVy3yWnmRVL',NULL,'2019-10-07 05:37:32'),
(725,'App\\Models\\Post',103,'r4v7QNTE7Skhkg6KMJoE17gd5E4BPg9eROfhJld6IkMyPhfizgvq51LGd4YGXLwqs2Mc9nVy3yWnmRVL',NULL,'2019-10-07 05:37:37'),
(739,'App\\Models\\Blog',5,'r4v7QNTE7Skhkg6KMJoE17gd5E4BPg9eROfhJld6IkMyPhfizgvq51LGd4YGXLwqs2Mc9nVy3yWnmRVL',NULL,'2019-10-07 05:40:39'),
(741,'App\\Models\\Blog',5,'r4v7QNTE7Skhkg6KMJoE17gd5E4BPg9eROfhJld6IkMyPhfizgvq51LGd4YGXLwqs2Mc9nVy3yWnmRVL',NULL,'2019-10-07 05:40:50'),
(748,'App\\Models\\Blog',38,'r4v7QNTE7Skhkg6KMJoE17gd5E4BPg9eROfhJld6IkMyPhfizgvq51LGd4YGXLwqs2Mc9nVy3yWnmRVL',NULL,'2019-10-07 05:42:05'),
(749,'App\\Models\\Blog',37,'r4v7QNTE7Skhkg6KMJoE17gd5E4BPg9eROfhJld6IkMyPhfizgvq51LGd4YGXLwqs2Mc9nVy3yWnmRVL',NULL,'2019-10-07 05:42:12'),
(752,'App\\Models\\Blog',37,'r4v7QNTE7Skhkg6KMJoE17gd5E4BPg9eROfhJld6IkMyPhfizgvq51LGd4YGXLwqs2Mc9nVy3yWnmRVL',NULL,'2019-10-07 05:42:29'),
(756,'App\\Models\\Blog',39,'mBOyo8HmCkjdAklCQc3vPh0cJfyEsENcIGiVTSdHsUGZ5dBMI1KvqwaliumfjhowSg1igk9KAeqQr0IY',NULL,'2019-10-07 05:43:15'),
(757,'App\\Models\\Blog',39,'mBOyo8HmCkjdAklCQc3vPh0cJfyEsENcIGiVTSdHsUGZ5dBMI1KvqwaliumfjhowSg1igk9KAeqQr0IY',NULL,'2019-10-07 05:43:26'),
(758,'App\\Models\\Blog',3,'psmBjw9EgHgndDZ8X7wC5CxIdliQZwpEh7DfZdDe1lGXnhlYPt6Wamxb78WQD9yWuRqPEuZrvOZJiX8g',NULL,'2019-10-07 05:43:58'),
(759,'App\\Models\\Blog',39,'mBOyo8HmCkjdAklCQc3vPh0cJfyEsENcIGiVTSdHsUGZ5dBMI1KvqwaliumfjhowSg1igk9KAeqQr0IY',NULL,'2019-10-07 05:43:59'),
(760,'App\\Models\\Blog',39,'mBOyo8HmCkjdAklCQc3vPh0cJfyEsENcIGiVTSdHsUGZ5dBMI1KvqwaliumfjhowSg1igk9KAeqQr0IY',NULL,'2019-10-07 05:44:16'),
(761,'App\\Models\\Blog',3,'mBOyo8HmCkjdAklCQc3vPh0cJfyEsENcIGiVTSdHsUGZ5dBMI1KvqwaliumfjhowSg1igk9KAeqQr0IY',NULL,'2019-10-07 05:44:23'),
(762,'App\\Models\\Blog',37,'psmBjw9EgHgndDZ8X7wC5CxIdliQZwpEh7DfZdDe1lGXnhlYPt6Wamxb78WQD9yWuRqPEuZrvOZJiX8g',NULL,'2019-10-07 05:44:26'),
(763,'App\\Models\\Blog',3,'mBOyo8HmCkjdAklCQc3vPh0cJfyEsENcIGiVTSdHsUGZ5dBMI1KvqwaliumfjhowSg1igk9KAeqQr0IY',NULL,'2019-10-07 05:44:32'),
(764,'App\\Models\\Blog',8,'psmBjw9EgHgndDZ8X7wC5CxIdliQZwpEh7DfZdDe1lGXnhlYPt6Wamxb78WQD9yWuRqPEuZrvOZJiX8g',NULL,'2019-10-07 05:44:32'),
(765,'App\\Models\\Blog',3,'psmBjw9EgHgndDZ8X7wC5CxIdliQZwpEh7DfZdDe1lGXnhlYPt6Wamxb78WQD9yWuRqPEuZrvOZJiX8g',NULL,'2019-10-07 05:44:44'),
(766,'App\\Models\\Blog',3,'mBOyo8HmCkjdAklCQc3vPh0cJfyEsENcIGiVTSdHsUGZ5dBMI1KvqwaliumfjhowSg1igk9KAeqQr0IY',NULL,'2019-10-07 05:44:53'),
(767,'App\\Models\\Blog',2,'mBOyo8HmCkjdAklCQc3vPh0cJfyEsENcIGiVTSdHsUGZ5dBMI1KvqwaliumfjhowSg1igk9KAeqQr0IY',NULL,'2019-10-07 05:44:56'),
(768,'App\\Models\\Blog',8,'psmBjw9EgHgndDZ8X7wC5CxIdliQZwpEh7DfZdDe1lGXnhlYPt6Wamxb78WQD9yWuRqPEuZrvOZJiX8g',NULL,'2019-10-07 05:44:57'),
(769,'App\\Models\\Blog',8,'mBOyo8HmCkjdAklCQc3vPh0cJfyEsENcIGiVTSdHsUGZ5dBMI1KvqwaliumfjhowSg1igk9KAeqQr0IY',NULL,'2019-10-07 05:45:02'),
(770,'App\\Models\\Blog',8,'mBOyo8HmCkjdAklCQc3vPh0cJfyEsENcIGiVTSdHsUGZ5dBMI1KvqwaliumfjhowSg1igk9KAeqQr0IY',NULL,'2019-10-07 05:45:07'),
(771,'App\\Models\\Blog',8,'mBOyo8HmCkjdAklCQc3vPh0cJfyEsENcIGiVTSdHsUGZ5dBMI1KvqwaliumfjhowSg1igk9KAeqQr0IY',NULL,'2019-10-07 05:45:17'),
(772,'App\\Models\\Blog',8,'1dAfagGuyqTWGhHL5a07DqMcFblEoKa2kbSlmSghNg7F4WlhveBChpg5RTt0dTp7CSHO5EXgNFgRi1n8',NULL,'2019-10-07 05:46:36'),
(774,'App\\Models\\Blog',3,'1dAfagGuyqTWGhHL5a07DqMcFblEoKa2kbSlmSghNg7F4WlhveBChpg5RTt0dTp7CSHO5EXgNFgRi1n8',NULL,'2019-10-07 05:46:54'),
(775,'App\\Models\\Blog',35,'1dAfagGuyqTWGhHL5a07DqMcFblEoKa2kbSlmSghNg7F4WlhveBChpg5RTt0dTp7CSHO5EXgNFgRi1n8',NULL,'2019-10-07 05:46:56'),
(776,'App\\Models\\Blog',3,'1dAfagGuyqTWGhHL5a07DqMcFblEoKa2kbSlmSghNg7F4WlhveBChpg5RTt0dTp7CSHO5EXgNFgRi1n8',NULL,'2019-10-07 05:47:12'),
(777,'App\\Models\\Blog',8,'psmBjw9EgHgndDZ8X7wC5CxIdliQZwpEh7DfZdDe1lGXnhlYPt6Wamxb78WQD9yWuRqPEuZrvOZJiX8g',NULL,'2019-10-07 05:47:12'),
(778,'App\\Models\\Blog',38,'psmBjw9EgHgndDZ8X7wC5CxIdliQZwpEh7DfZdDe1lGXnhlYPt6Wamxb78WQD9yWuRqPEuZrvOZJiX8g',NULL,'2019-10-07 05:48:15'),
(779,'App\\Models\\Blog',3,'psmBjw9EgHgndDZ8X7wC5CxIdliQZwpEh7DfZdDe1lGXnhlYPt6Wamxb78WQD9yWuRqPEuZrvOZJiX8g',NULL,'2019-10-07 05:48:22'),
(780,'App\\Models\\Blog',35,'1dAfagGuyqTWGhHL5a07DqMcFblEoKa2kbSlmSghNg7F4WlhveBChpg5RTt0dTp7CSHO5EXgNFgRi1n8',NULL,'2019-10-07 05:48:45'),
(783,'App\\Models\\Blog',3,'psmBjw9EgHgndDZ8X7wC5CxIdliQZwpEh7DfZdDe1lGXnhlYPt6Wamxb78WQD9yWuRqPEuZrvOZJiX8g',NULL,'2019-10-07 05:49:03'),
(786,'App\\Models\\Blog',17,'psmBjw9EgHgndDZ8X7wC5CxIdliQZwpEh7DfZdDe1lGXnhlYPt6Wamxb78WQD9yWuRqPEuZrvOZJiX8g',NULL,'2019-10-07 05:50:29'),
(787,'App\\Models\\Blog',8,'1dAfagGuyqTWGhHL5a07DqMcFblEoKa2kbSlmSghNg7F4WlhveBChpg5RTt0dTp7CSHO5EXgNFgRi1n8',NULL,'2019-10-07 05:50:33'),
(788,'App\\Models\\Post',44,'1dAfagGuyqTWGhHL5a07DqMcFblEoKa2kbSlmSghNg7F4WlhveBChpg5RTt0dTp7CSHO5EXgNFgRi1n8',NULL,'2019-10-07 05:50:47'),
(789,'App\\Models\\Post',44,'1dAfagGuyqTWGhHL5a07DqMcFblEoKa2kbSlmSghNg7F4WlhveBChpg5RTt0dTp7CSHO5EXgNFgRi1n8',NULL,'2019-10-07 05:50:57'),
(791,'App\\Models\\Post',102,'psmBjw9EgHgndDZ8X7wC5CxIdliQZwpEh7DfZdDe1lGXnhlYPt6Wamxb78WQD9yWuRqPEuZrvOZJiX8g',NULL,'2019-10-07 05:51:03'),
(793,'App\\Models\\Blog',3,'1dAfagGuyqTWGhHL5a07DqMcFblEoKa2kbSlmSghNg7F4WlhveBChpg5RTt0dTp7CSHO5EXgNFgRi1n8',NULL,'2019-10-07 05:51:18'),
(794,'App\\Models\\Blog',38,'r4v7QNTE7Skhkg6KMJoE17gd5E4BPg9eROfhJld6IkMyPhfizgvq51LGd4YGXLwqs2Mc9nVy3yWnmRVL',NULL,'2019-10-07 05:51:27'),
(795,'App\\Models\\Post',90,'r4v7QNTE7Skhkg6KMJoE17gd5E4BPg9eROfhJld6IkMyPhfizgvq51LGd4YGXLwqs2Mc9nVy3yWnmRVL',NULL,'2019-10-07 05:51:33'),
(796,'App\\Models\\Post',39,'1dAfagGuyqTWGhHL5a07DqMcFblEoKa2kbSlmSghNg7F4WlhveBChpg5RTt0dTp7CSHO5EXgNFgRi1n8',NULL,'2019-10-07 05:51:39'),
(798,'App\\Models\\Blog',8,'r4v7QNTE7Skhkg6KMJoE17gd5E4BPg9eROfhJld6IkMyPhfizgvq51LGd4YGXLwqs2Mc9nVy3yWnmRVL',NULL,'2019-10-07 05:51:55'),
(799,'App\\Models\\Blog',2,'1dAfagGuyqTWGhHL5a07DqMcFblEoKa2kbSlmSghNg7F4WlhveBChpg5RTt0dTp7CSHO5EXgNFgRi1n8',NULL,'2019-10-07 05:51:57'),
(801,'App\\Models\\Blog',8,'pMYTks2v4MiiyDwcPQUtRJbQZEhmpu6fKRilv7RRv3pFMQ9u2ahIFoQitfk3okk0W8IsMD6fojC50VNK',NULL,'2019-10-07 05:52:20'),
(803,'App\\Models\\Blog',38,'r4v7QNTE7Skhkg6KMJoE17gd5E4BPg9eROfhJld6IkMyPhfizgvq51LGd4YGXLwqs2Mc9nVy3yWnmRVL',NULL,'2019-10-07 05:52:42'),
(805,'App\\Models\\Blog',39,'pMYTks2v4MiiyDwcPQUtRJbQZEhmpu6fKRilv7RRv3pFMQ9u2ahIFoQitfk3okk0W8IsMD6fojC50VNK',NULL,'2019-10-07 05:52:53'),
(806,'App\\Models\\Blog',39,'YpU5G3Fr2uuLcLbSKNWJQ69REqyukiqUnJD99Vp1nhZj34DLDjQ54sAi2rODU2BcOlij23FZiDRWWr1W',NULL,'2019-10-07 05:53:02'),
(807,'App\\Models\\Post',102,'r4v7QNTE7Skhkg6KMJoE17gd5E4BPg9eROfhJld6IkMyPhfizgvq51LGd4YGXLwqs2Mc9nVy3yWnmRVL',NULL,'2019-10-07 05:53:08'),
(808,'App\\Models\\Blog',8,'r4v7QNTE7Skhkg6KMJoE17gd5E4BPg9eROfhJld6IkMyPhfizgvq51LGd4YGXLwqs2Mc9nVy3yWnmRVL',NULL,'2019-10-07 05:53:12'),
(809,'App\\Models\\Post',44,'YpU5G3Fr2uuLcLbSKNWJQ69REqyukiqUnJD99Vp1nhZj34DLDjQ54sAi2rODU2BcOlij23FZiDRWWr1W',NULL,'2019-10-07 05:53:16'),
(811,'App\\Models\\Post',90,'LIttScSnz2DnaJ9YTWe5CcLjwRSj7L6yoBVLyOQkD7TluhvLQIRDJarc27GXqXFFwVZ0ajArkcYYLQEJ',NULL,'2019-10-07 05:54:34'),
(812,'App\\Models\\Blog',8,'LIttScSnz2DnaJ9YTWe5CcLjwRSj7L6yoBVLyOQkD7TluhvLQIRDJarc27GXqXFFwVZ0ajArkcYYLQEJ',NULL,'2019-10-07 05:54:47'),
(813,'App\\Models\\Blog',39,'y30qlfU2hMKzlfawahSRnsTkXFBOV3qg7fKQfLIrtFjlMrDIh2ckrRwfDhzvAIw66kKnFoIFyi9jmfKD',NULL,'2019-10-07 05:55:05'),
(814,'App\\Models\\Post',90,'f0TEz2LRk2TzqkqjSEgQSySc0VAnP8nMqn1LANyO71OivKQ1ttlPf10ieCWb6ewxvM2ElQUEa2z0nGmt',NULL,'2019-10-07 05:55:15'),
(815,'App\\Models\\Blog',39,'f0TEz2LRk2TzqkqjSEgQSySc0VAnP8nMqn1LANyO71OivKQ1ttlPf10ieCWb6ewxvM2ElQUEa2z0nGmt',NULL,'2019-10-07 05:55:55'),
(816,'App\\Models\\Post',102,'f0TEz2LRk2TzqkqjSEgQSySc0VAnP8nMqn1LANyO71OivKQ1ttlPf10ieCWb6ewxvM2ElQUEa2z0nGmt',NULL,'2019-10-07 05:56:57'),
(817,'App\\Models\\Post',103,'f0TEz2LRk2TzqkqjSEgQSySc0VAnP8nMqn1LANyO71OivKQ1ttlPf10ieCWb6ewxvM2ElQUEa2z0nGmt',NULL,'2019-10-07 05:57:18'),
(818,'App\\Models\\Post',102,'f0TEz2LRk2TzqkqjSEgQSySc0VAnP8nMqn1LANyO71OivKQ1ttlPf10ieCWb6ewxvM2ElQUEa2z0nGmt',NULL,'2019-10-07 05:59:03'),
(819,'App\\Models\\Blog',38,'f0TEz2LRk2TzqkqjSEgQSySc0VAnP8nMqn1LANyO71OivKQ1ttlPf10ieCWb6ewxvM2ElQUEa2z0nGmt',NULL,'2019-10-07 05:59:41'),
(820,'App\\Models\\Post',102,'f0TEz2LRk2TzqkqjSEgQSySc0VAnP8nMqn1LANyO71OivKQ1ttlPf10ieCWb6ewxvM2ElQUEa2z0nGmt',NULL,'2019-10-07 06:04:57'),
(821,'App\\Models\\Blog',38,'r4v7QNTE7Skhkg6KMJoE17gd5E4BPg9eROfhJld6IkMyPhfizgvq51LGd4YGXLwqs2Mc9nVy3yWnmRVL',NULL,'2019-10-07 06:05:44'),
(822,'App\\Models\\Post',102,'f0TEz2LRk2TzqkqjSEgQSySc0VAnP8nMqn1LANyO71OivKQ1ttlPf10ieCWb6ewxvM2ElQUEa2z0nGmt',NULL,'2019-10-07 06:08:18'),
(823,'App\\Models\\Blog',3,'r4v7QNTE7Skhkg6KMJoE17gd5E4BPg9eROfhJld6IkMyPhfizgvq51LGd4YGXLwqs2Mc9nVy3yWnmRVL',NULL,'2019-10-07 06:12:08'),
(824,'App\\Models\\Blog',38,'r4v7QNTE7Skhkg6KMJoE17gd5E4BPg9eROfhJld6IkMyPhfizgvq51LGd4YGXLwqs2Mc9nVy3yWnmRVL',NULL,'2019-10-07 06:23:48'),
(825,'App\\Models\\Blog',38,'r4v7QNTE7Skhkg6KMJoE17gd5E4BPg9eROfhJld6IkMyPhfizgvq51LGd4YGXLwqs2Mc9nVy3yWnmRVL',NULL,'2019-10-07 06:24:00'),
(826,'App\\Models\\Blog',43,'r4v7QNTE7Skhkg6KMJoE17gd5E4BPg9eROfhJld6IkMyPhfizgvq51LGd4YGXLwqs2Mc9nVy3yWnmRVL',NULL,'2019-10-07 06:25:56'),
(827,'App\\Models\\Post',48,'r4v7QNTE7Skhkg6KMJoE17gd5E4BPg9eROfhJld6IkMyPhfizgvq51LGd4YGXLwqs2Mc9nVy3yWnmRVL',NULL,'2019-10-07 06:33:16'),
(828,'App\\Models\\Post',48,'r4v7QNTE7Skhkg6KMJoE17gd5E4BPg9eROfhJld6IkMyPhfizgvq51LGd4YGXLwqs2Mc9nVy3yWnmRVL',NULL,'2019-10-07 06:33:24'),
(829,'App\\Models\\Post',98,'r4v7QNTE7Skhkg6KMJoE17gd5E4BPg9eROfhJld6IkMyPhfizgvq51LGd4YGXLwqs2Mc9nVy3yWnmRVL',NULL,'2019-10-07 06:58:30'),
(830,'App\\Models\\Post',48,'r4v7QNTE7Skhkg6KMJoE17gd5E4BPg9eROfhJld6IkMyPhfizgvq51LGd4YGXLwqs2Mc9nVy3yWnmRVL',NULL,'2019-10-07 06:58:39'),
(831,'App\\Models\\Post',41,'r4v7QNTE7Skhkg6KMJoE17gd5E4BPg9eROfhJld6IkMyPhfizgvq51LGd4YGXLwqs2Mc9nVy3yWnmRVL',NULL,'2019-10-07 06:58:42'),
(833,'App\\Models\\Blog',41,'r4v7QNTE7Skhkg6KMJoE17gd5E4BPg9eROfhJld6IkMyPhfizgvq51LGd4YGXLwqs2Mc9nVy3yWnmRVL',NULL,'2019-10-07 07:30:27'),
(837,'App\\Models\\Blog',41,'r4v7QNTE7Skhkg6KMJoE17gd5E4BPg9eROfhJld6IkMyPhfizgvq51LGd4YGXLwqs2Mc9nVy3yWnmRVL',NULL,'2019-10-07 07:40:36'),
(838,'App\\Models\\Blog',41,'r4v7QNTE7Skhkg6KMJoE17gd5E4BPg9eROfhJld6IkMyPhfizgvq51LGd4YGXLwqs2Mc9nVy3yWnmRVL',NULL,'2019-10-07 07:40:59'),
(839,'App\\Models\\Blog',37,'r4v7QNTE7Skhkg6KMJoE17gd5E4BPg9eROfhJld6IkMyPhfizgvq51LGd4YGXLwqs2Mc9nVy3yWnmRVL',NULL,'2019-10-07 07:46:20'),
(840,'App\\Models\\Blog',3,'r4v7QNTE7Skhkg6KMJoE17gd5E4BPg9eROfhJld6IkMyPhfizgvq51LGd4YGXLwqs2Mc9nVy3yWnmRVL',NULL,'2019-10-07 07:47:35'),
(841,'App\\Models\\Blog',3,'r4v7QNTE7Skhkg6KMJoE17gd5E4BPg9eROfhJld6IkMyPhfizgvq51LGd4YGXLwqs2Mc9nVy3yWnmRVL',NULL,'2019-10-07 07:47:41'),
(842,'App\\Models\\Blog',2,'r4v7QNTE7Skhkg6KMJoE17gd5E4BPg9eROfhJld6IkMyPhfizgvq51LGd4YGXLwqs2Mc9nVy3yWnmRVL',NULL,'2019-10-07 07:47:43'),
(843,'App\\Models\\Blog',8,'r4v7QNTE7Skhkg6KMJoE17gd5E4BPg9eROfhJld6IkMyPhfizgvq51LGd4YGXLwqs2Mc9nVy3yWnmRVL',NULL,'2019-10-07 07:47:47'),
(846,'App\\Models\\Post',42,'kBL3kvtIwn5RtoXTzGyi3nUNzbUWKg4dXsil1ZX3UpRj6JKU78lWzllfdVph6wbkl8tYCfXEHE34DZ9M',NULL,'2019-10-07 16:42:48'),
(850,'App\\Models\\Post',103,'kBL3kvtIwn5RtoXTzGyi3nUNzbUWKg4dXsil1ZX3UpRj6JKU78lWzllfdVph6wbkl8tYCfXEHE34DZ9M',NULL,'2019-10-07 16:44:48'),
(851,'App\\Models\\Post',102,'A2ZcEmuxhWbs3AD7IiZverJYMfrXyddCQXP1pkQSA1Z24ilX22PyFr0ZOOUUthwqQmrRuyOX1uWeftZ7',NULL,'2019-10-07 16:45:07'),
(852,'App\\Models\\Post',103,'A2ZcEmuxhWbs3AD7IiZverJYMfrXyddCQXP1pkQSA1Z24ilX22PyFr0ZOOUUthwqQmrRuyOX1uWeftZ7',NULL,'2019-10-07 16:45:18'),
(853,'App\\Models\\Post',41,'A2ZcEmuxhWbs3AD7IiZverJYMfrXyddCQXP1pkQSA1Z24ilX22PyFr0ZOOUUthwqQmrRuyOX1uWeftZ7',NULL,'2019-10-07 16:45:31'),
(854,'App\\Models\\Post',45,'A2ZcEmuxhWbs3AD7IiZverJYMfrXyddCQXP1pkQSA1Z24ilX22PyFr0ZOOUUthwqQmrRuyOX1uWeftZ7',NULL,'2019-10-07 16:45:54'),
(855,'App\\Models\\Post',48,'kBL3kvtIwn5RtoXTzGyi3nUNzbUWKg4dXsil1ZX3UpRj6JKU78lWzllfdVph6wbkl8tYCfXEHE34DZ9M',NULL,'2019-10-07 16:45:59'),
(856,'App\\Models\\Post',103,'kBL3kvtIwn5RtoXTzGyi3nUNzbUWKg4dXsil1ZX3UpRj6JKU78lWzllfdVph6wbkl8tYCfXEHE34DZ9M',NULL,'2019-10-07 16:46:09'),
(858,'App\\Models\\Post',90,'A2ZcEmuxhWbs3AD7IiZverJYMfrXyddCQXP1pkQSA1Z24ilX22PyFr0ZOOUUthwqQmrRuyOX1uWeftZ7',NULL,'2019-10-07 16:46:22'),
(860,'App\\Models\\Blog',43,'kBL3kvtIwn5RtoXTzGyi3nUNzbUWKg4dXsil1ZX3UpRj6JKU78lWzllfdVph6wbkl8tYCfXEHE34DZ9M',NULL,'2019-10-07 16:51:37'),
(863,'App\\Models\\Post',46,'hMRGWjRYT1CmChQ9lfDyTELnFvGNltfALkG5TPIr5RzjBzaqsnroQD6ps4JeeHV8jTrq0lj3IGvSTHOq',NULL,'2019-10-08 01:23:23'),
(864,'App\\Models\\Post',43,'hMRGWjRYT1CmChQ9lfDyTELnFvGNltfALkG5TPIr5RzjBzaqsnroQD6ps4JeeHV8jTrq0lj3IGvSTHOq',NULL,'2019-10-08 01:23:36'),
(865,'App\\Models\\Post',89,'iqMFjmRdVjAMdSH0yz6cO9bOTdCnuo7Zd9rcxtZhVmktTVvBakNzG0KdW6UHs8aTOhZMUDv3qlEq1qlL',NULL,'2019-10-08 02:13:08'),
(866,'App\\Models\\Post',103,'hVM4yNfhTqnXZlEtAMxeO45XjxCV9hKAZ281fCF72XEDkcMjaC4oarKyR1FJSVhh8XyoZ5mC9djFcSMO',NULL,'2019-10-08 05:01:19'),
(867,'App\\Models\\Post',102,'r4v7QNTE7Skhkg6KMJoE17gd5E4BPg9eROfhJld6IkMyPhfizgvq51LGd4YGXLwqs2Mc9nVy3yWnmRVL',NULL,'2019-10-08 05:03:10'),
(868,'App\\Models\\Post',103,'r4v7QNTE7Skhkg6KMJoE17gd5E4BPg9eROfhJld6IkMyPhfizgvq51LGd4YGXLwqs2Mc9nVy3yWnmRVL',NULL,'2019-10-08 05:03:16'),
(869,'App\\Models\\Post',101,'r4v7QNTE7Skhkg6KMJoE17gd5E4BPg9eROfhJld6IkMyPhfizgvq51LGd4YGXLwqs2Mc9nVy3yWnmRVL',NULL,'2019-10-08 05:03:55'),
(870,'App\\Models\\Post',101,'r4v7QNTE7Skhkg6KMJoE17gd5E4BPg9eROfhJld6IkMyPhfizgvq51LGd4YGXLwqs2Mc9nVy3yWnmRVL',NULL,'2019-10-08 05:04:03'),
(871,'App\\Models\\Post',101,'r4v7QNTE7Skhkg6KMJoE17gd5E4BPg9eROfhJld6IkMyPhfizgvq51LGd4YGXLwqs2Mc9nVy3yWnmRVL',NULL,'2019-10-08 05:04:23'),
(872,'App\\Models\\Post',101,'r4v7QNTE7Skhkg6KMJoE17gd5E4BPg9eROfhJld6IkMyPhfizgvq51LGd4YGXLwqs2Mc9nVy3yWnmRVL',NULL,'2019-10-08 05:04:35'),
(873,'App\\Models\\Post',103,'r4v7QNTE7Skhkg6KMJoE17gd5E4BPg9eROfhJld6IkMyPhfizgvq51LGd4YGXLwqs2Mc9nVy3yWnmRVL',NULL,'2019-10-08 05:04:40'),
(874,'App\\Models\\Blog',46,'hVM4yNfhTqnXZlEtAMxeO45XjxCV9hKAZ281fCF72XEDkcMjaC4oarKyR1FJSVhh8XyoZ5mC9djFcSMO',NULL,'2019-10-08 05:06:22'),
(878,'App\\Models\\Blog',48,'hVM4yNfhTqnXZlEtAMxeO45XjxCV9hKAZ281fCF72XEDkcMjaC4oarKyR1FJSVhh8XyoZ5mC9djFcSMO',NULL,'2019-10-08 05:08:57'),
(880,'App\\Models\\Blog',46,'hVM4yNfhTqnXZlEtAMxeO45XjxCV9hKAZ281fCF72XEDkcMjaC4oarKyR1FJSVhh8XyoZ5mC9djFcSMO',NULL,'2019-10-08 05:12:18'),
(881,'App\\Models\\Blog',46,'hVM4yNfhTqnXZlEtAMxeO45XjxCV9hKAZ281fCF72XEDkcMjaC4oarKyR1FJSVhh8XyoZ5mC9djFcSMO',NULL,'2019-10-08 05:12:25'),
(884,'App\\Models\\Blog',49,'r4v7QNTE7Skhkg6KMJoE17gd5E4BPg9eROfhJld6IkMyPhfizgvq51LGd4YGXLwqs2Mc9nVy3yWnmRVL',NULL,'2019-10-08 05:15:31'),
(885,'App\\Models\\Blog',53,'k0yzwpmx6TqbE2xqmEzA1SRYBoxUGpPcPDVdIquaOpRPQw9T59OBUIWmRBtHbqiY6WVGx9whHxvcucI8',NULL,'2019-10-08 05:19:14'),
(886,'App\\Models\\Blog',46,'hVM4yNfhTqnXZlEtAMxeO45XjxCV9hKAZ281fCF72XEDkcMjaC4oarKyR1FJSVhh8XyoZ5mC9djFcSMO',NULL,'2019-10-08 05:19:19'),
(887,'App\\Models\\Blog',53,'k0yzwpmx6TqbE2xqmEzA1SRYBoxUGpPcPDVdIquaOpRPQw9T59OBUIWmRBtHbqiY6WVGx9whHxvcucI8',NULL,'2019-10-08 05:19:25'),
(888,'App\\Models\\Blog',53,'k0yzwpmx6TqbE2xqmEzA1SRYBoxUGpPcPDVdIquaOpRPQw9T59OBUIWmRBtHbqiY6WVGx9whHxvcucI8',NULL,'2019-10-08 05:20:19'),
(889,'App\\Models\\Blog',53,'k0yzwpmx6TqbE2xqmEzA1SRYBoxUGpPcPDVdIquaOpRPQw9T59OBUIWmRBtHbqiY6WVGx9whHxvcucI8',NULL,'2019-10-08 05:20:26'),
(890,'App\\Models\\Blog',53,'k0yzwpmx6TqbE2xqmEzA1SRYBoxUGpPcPDVdIquaOpRPQw9T59OBUIWmRBtHbqiY6WVGx9whHxvcucI8',NULL,'2019-10-08 05:20:41'),
(891,'App\\Models\\Blog',49,'k0yzwpmx6TqbE2xqmEzA1SRYBoxUGpPcPDVdIquaOpRPQw9T59OBUIWmRBtHbqiY6WVGx9whHxvcucI8',NULL,'2019-10-08 05:21:02'),
(892,'App\\Models\\Post',103,'r4v7QNTE7Skhkg6KMJoE17gd5E4BPg9eROfhJld6IkMyPhfizgvq51LGd4YGXLwqs2Mc9nVy3yWnmRVL',NULL,'2019-10-08 05:21:07'),
(893,'App\\Models\\Blog',49,'k0yzwpmx6TqbE2xqmEzA1SRYBoxUGpPcPDVdIquaOpRPQw9T59OBUIWmRBtHbqiY6WVGx9whHxvcucI8',NULL,'2019-10-08 05:21:13'),
(894,'App\\Models\\Blog',49,'r4v7QNTE7Skhkg6KMJoE17gd5E4BPg9eROfhJld6IkMyPhfizgvq51LGd4YGXLwqs2Mc9nVy3yWnmRVL',NULL,'2019-10-08 05:21:19'),
(895,'App\\Models\\Blog',49,'k0yzwpmx6TqbE2xqmEzA1SRYBoxUGpPcPDVdIquaOpRPQw9T59OBUIWmRBtHbqiY6WVGx9whHxvcucI8',NULL,'2019-10-08 05:21:29'),
(896,'App\\Models\\Post',43,'hVM4yNfhTqnXZlEtAMxeO45XjxCV9hKAZ281fCF72XEDkcMjaC4oarKyR1FJSVhh8XyoZ5mC9djFcSMO',NULL,'2019-10-08 05:22:05'),
(897,'App\\Models\\Post',102,'hVM4yNfhTqnXZlEtAMxeO45XjxCV9hKAZ281fCF72XEDkcMjaC4oarKyR1FJSVhh8XyoZ5mC9djFcSMO',NULL,'2019-10-08 05:22:08'),
(898,'App\\Models\\Post',103,'hVM4yNfhTqnXZlEtAMxeO45XjxCV9hKAZ281fCF72XEDkcMjaC4oarKyR1FJSVhh8XyoZ5mC9djFcSMO',NULL,'2019-10-08 05:22:12'),
(899,'App\\Models\\Post',48,'hVM4yNfhTqnXZlEtAMxeO45XjxCV9hKAZ281fCF72XEDkcMjaC4oarKyR1FJSVhh8XyoZ5mC9djFcSMO',NULL,'2019-10-08 05:22:17'),
(900,'App\\Models\\Post',102,'hVM4yNfhTqnXZlEtAMxeO45XjxCV9hKAZ281fCF72XEDkcMjaC4oarKyR1FJSVhh8XyoZ5mC9djFcSMO',NULL,'2019-10-08 05:22:23'),
(901,'App\\Models\\Post',48,'hVM4yNfhTqnXZlEtAMxeO45XjxCV9hKAZ281fCF72XEDkcMjaC4oarKyR1FJSVhh8XyoZ5mC9djFcSMO',NULL,'2019-10-08 05:22:27'),
(902,'App\\Models\\Post',103,'k0yzwpmx6TqbE2xqmEzA1SRYBoxUGpPcPDVdIquaOpRPQw9T59OBUIWmRBtHbqiY6WVGx9whHxvcucI8',NULL,'2019-10-08 05:22:29'),
(903,'App\\Models\\Blog',49,'r4v7QNTE7Skhkg6KMJoE17gd5E4BPg9eROfhJld6IkMyPhfizgvq51LGd4YGXLwqs2Mc9nVy3yWnmRVL',NULL,'2019-10-08 05:28:19'),
(904,'App\\Models\\Blog',49,'r4v7QNTE7Skhkg6KMJoE17gd5E4BPg9eROfhJld6IkMyPhfizgvq51LGd4YGXLwqs2Mc9nVy3yWnmRVL',NULL,'2019-10-08 05:28:32'),
(905,'App\\Models\\Blog',49,'r4v7QNTE7Skhkg6KMJoE17gd5E4BPg9eROfhJld6IkMyPhfizgvq51LGd4YGXLwqs2Mc9nVy3yWnmRVL',NULL,'2019-10-08 05:29:00'),
(906,'App\\Models\\Blog',49,'r4v7QNTE7Skhkg6KMJoE17gd5E4BPg9eROfhJld6IkMyPhfizgvq51LGd4YGXLwqs2Mc9nVy3yWnmRVL',NULL,'2019-10-08 05:29:05'),
(907,'App\\Models\\Blog',54,'r4v7QNTE7Skhkg6KMJoE17gd5E4BPg9eROfhJld6IkMyPhfizgvq51LGd4YGXLwqs2Mc9nVy3yWnmRVL',NULL,'2019-10-08 05:30:28'),
(908,'App\\Models\\Post',101,'r4v7QNTE7Skhkg6KMJoE17gd5E4BPg9eROfhJld6IkMyPhfizgvq51LGd4YGXLwqs2Mc9nVy3yWnmRVL',NULL,'2019-10-08 05:50:35'),
(909,'App\\Models\\Post',103,'r4v7QNTE7Skhkg6KMJoE17gd5E4BPg9eROfhJld6IkMyPhfizgvq51LGd4YGXLwqs2Mc9nVy3yWnmRVL',NULL,'2019-10-08 05:50:41'),
(910,'App\\Models\\Post',103,'YE4BLw4j8FHLak0KhCB54dwdBzfnLr7kEmbc1u4uHWyfb5moYKKIybLIu6UvieIJdEZE4JaUWHmYz8tx',NULL,'2019-10-08 05:51:19'),
(911,'App\\Models\\Post',48,'YE4BLw4j8FHLak0KhCB54dwdBzfnLr7kEmbc1u4uHWyfb5moYKKIybLIu6UvieIJdEZE4JaUWHmYz8tx',NULL,'2019-10-08 05:51:22'),
(912,'App\\Models\\Blog',54,'YE4BLw4j8FHLak0KhCB54dwdBzfnLr7kEmbc1u4uHWyfb5moYKKIybLIu6UvieIJdEZE4JaUWHmYz8tx',NULL,'2019-10-08 05:51:34'),
(913,'App\\Models\\Blog',53,'YE4BLw4j8FHLak0KhCB54dwdBzfnLr7kEmbc1u4uHWyfb5moYKKIybLIu6UvieIJdEZE4JaUWHmYz8tx',NULL,'2019-10-08 05:52:00'),
(914,'App\\Models\\Post',103,'YE4BLw4j8FHLak0KhCB54dwdBzfnLr7kEmbc1u4uHWyfb5moYKKIybLIu6UvieIJdEZE4JaUWHmYz8tx',NULL,'2019-10-08 05:53:01'),
(915,'App\\Models\\Blog',53,'v6kSkxb4be24HZZLzkWNbv1nDZvCRNHYYhA8apw9oLSbFkQmAigO3wFgE0l5uS52eXoMtlvGdmNZB5JC',NULL,'2019-10-08 05:54:36'),
(916,'App\\Models\\Post',41,'v6kSkxb4be24HZZLzkWNbv1nDZvCRNHYYhA8apw9oLSbFkQmAigO3wFgE0l5uS52eXoMtlvGdmNZB5JC',NULL,'2019-10-08 05:55:20'),
(917,'App\\Models\\Post',103,'aXFFB4bFuixsCQYouWfS1BBOmYvrhuVPmYUrvotLie3uLZ4vySI1BwuGQZTcfm4rEfsjnnmr2QP6eFZ1',NULL,'2019-10-08 05:59:29'),
(918,'App\\Models\\Post',103,'aXFFB4bFuixsCQYouWfS1BBOmYvrhuVPmYUrvotLie3uLZ4vySI1BwuGQZTcfm4rEfsjnnmr2QP6eFZ1',NULL,'2019-10-08 06:00:56'),
(919,'App\\Models\\Post',101,'aXFFB4bFuixsCQYouWfS1BBOmYvrhuVPmYUrvotLie3uLZ4vySI1BwuGQZTcfm4rEfsjnnmr2QP6eFZ1',NULL,'2019-10-08 06:01:32'),
(920,'App\\Models\\Post',101,'aXFFB4bFuixsCQYouWfS1BBOmYvrhuVPmYUrvotLie3uLZ4vySI1BwuGQZTcfm4rEfsjnnmr2QP6eFZ1',NULL,'2019-10-08 06:20:05'),
(921,'App\\Models\\Post',48,'aXFFB4bFuixsCQYouWfS1BBOmYvrhuVPmYUrvotLie3uLZ4vySI1BwuGQZTcfm4rEfsjnnmr2QP6eFZ1',NULL,'2019-10-08 06:20:42'),
(922,'App\\Models\\Post',49,'aXFFB4bFuixsCQYouWfS1BBOmYvrhuVPmYUrvotLie3uLZ4vySI1BwuGQZTcfm4rEfsjnnmr2QP6eFZ1',NULL,'2019-10-08 06:21:06'),
(923,'App\\Models\\Blog',55,'DUgxlM13rhuRfkzlOFSNE23EUjWX2OyFiWpuqVzEP34DuqobxoV3ExfCUxXM7GQtigLTF9LTjCFjSzwI',NULL,'2019-10-08 06:26:09'),
(924,'App\\Models\\Blog',55,'k0yzwpmx6TqbE2xqmEzA1SRYBoxUGpPcPDVdIquaOpRPQw9T59OBUIWmRBtHbqiY6WVGx9whHxvcucI8',NULL,'2019-10-08 07:15:56'),
(925,'App\\Models\\Blog',55,'43zJwyszxAeKaHCy3E9vkYE3ptHvJMoJs1Fe8ULvL50r7fyJc4NYSecaCt84nggxojsCnQkYJlwHoJza',NULL,'2019-10-08 07:28:03'),
(926,'App\\Models\\Post',48,'kBL3kvtIwn5RtoXTzGyi3nUNzbUWKg4dXsil1ZX3UpRj6JKU78lWzllfdVph6wbkl8tYCfXEHE34DZ9M',NULL,'2019-10-09 14:40:12'),
(927,'App\\Models\\Post',103,'kBL3kvtIwn5RtoXTzGyi3nUNzbUWKg4dXsil1ZX3UpRj6JKU78lWzllfdVph6wbkl8tYCfXEHE34DZ9M',NULL,'2019-10-09 14:40:17'),
(928,'App\\Models\\Post',103,'kBL3kvtIwn5RtoXTzGyi3nUNzbUWKg4dXsil1ZX3UpRj6JKU78lWzllfdVph6wbkl8tYCfXEHE34DZ9M',NULL,'2019-10-09 14:57:53'),
(929,'App\\Models\\Post',103,'kBL3kvtIwn5RtoXTzGyi3nUNzbUWKg4dXsil1ZX3UpRj6JKU78lWzllfdVph6wbkl8tYCfXEHE34DZ9M',NULL,'2019-10-09 15:43:33'),
(930,'App\\Models\\Post',103,'kBL3kvtIwn5RtoXTzGyi3nUNzbUWKg4dXsil1ZX3UpRj6JKU78lWzllfdVph6wbkl8tYCfXEHE34DZ9M',NULL,'2019-10-09 16:18:08'),
(931,'App\\Models\\Post',101,'kBL3kvtIwn5RtoXTzGyi3nUNzbUWKg4dXsil1ZX3UpRj6JKU78lWzllfdVph6wbkl8tYCfXEHE34DZ9M',NULL,'2019-10-09 16:51:39'),
(932,'App\\Models\\Post',103,'kBL3kvtIwn5RtoXTzGyi3nUNzbUWKg4dXsil1ZX3UpRj6JKU78lWzllfdVph6wbkl8tYCfXEHE34DZ9M',NULL,'2019-10-09 17:00:01'),
(933,'App\\Models\\Post',103,'kBL3kvtIwn5RtoXTzGyi3nUNzbUWKg4dXsil1ZX3UpRj6JKU78lWzllfdVph6wbkl8tYCfXEHE34DZ9M',NULL,'2019-10-09 17:32:54'),
(934,'App\\Models\\Post',41,'8iT7OQoxS2WD3xKsN2oJxv9Hpf4bjc99BXBPoQzlYeWJ9kbcUclBcPUova0XOucDceRxpqkeOmv67zAU',NULL,'2019-10-10 04:01:34'),
(935,'App\\Models\\Post',90,'8iT7OQoxS2WD3xKsN2oJxv9Hpf4bjc99BXBPoQzlYeWJ9kbcUclBcPUova0XOucDceRxpqkeOmv67zAU',NULL,'2019-10-10 04:02:08'),
(936,'App\\Models\\Post',104,'8iT7OQoxS2WD3xKsN2oJxv9Hpf4bjc99BXBPoQzlYeWJ9kbcUclBcPUova0XOucDceRxpqkeOmv67zAU',NULL,'2019-10-10 13:05:35');

/*!40101 SET SQL_MODE=@OLD_SQL_MODE */;
/*!40014 SET FOREIGN_KEY_CHECKS=@OLD_FOREIGN_KEY_CHECKS */;
/*!40014 SET UNIQUE_CHECKS=@OLD_UNIQUE_CHECKS */;
/*!40111 SET SQL_NOTES=@OLD_SQL_NOTES */;
